time,Ep_eff,Nloop_1,Nloop_10,Nloop_11,Nloop_12,Nloop_13,Nloop_14,Nloop_15,Nloop_16,Nloop_17,Nloop_18,Nloop_19,Nloop_2,Nloop_20,Nloop_21,Nloop_22,Nloop_23,Nloop_24,Nloop_3,Nloop_4,Nloop_5,Nloop_6,Nloop_7,Nloop_8,Nloop_9,cslipr_1,cslipr_10,cslipr_11,cslipr_12,cslipr_13,cslipr_14,cslipr_15,cslipr_16,cslipr_17,cslipr_18,cslipr_19,cslipr_2,cslipr_20,cslipr_21,cslipr_22,cslipr_23,cslipr_24,cslipr_3,cslipr_4,cslipr_5,cslipr_6,cslipr_7,cslipr_8,cslipr_9,cstrainfrac1,cstrainfrac2,dloop_1,dloop_10,dloop_11,dloop_12,dloop_13,dloop_14,dloop_15,dloop_16,dloop_17,dloop_18,dloop_19,dloop_2,dloop_20,dloop_21,dloop_22,dloop_23,dloop_24,dloop_3,dloop_4,dloop_5,dloop_6,dloop_7,dloop_8,dloop_9,eeq,gslipr_1,gslipr_10,gslipr_11,gslipr_12,gslipr_13,gslipr_14,gslipr_15,gslipr_16,gslipr_17,gslipr_18,gslipr_19,gslipr_2,gslipr_20,gslipr_21,gslipr_22,gslipr_23,gslipr_24,gslipr_3,gslipr_4,gslipr_5,gslipr_6,gslipr_7,gslipr_8,gslipr_9,rho_i,rho_m,strain_xx,strain_yy,strain_zz,stress_xx,stress_yy,stress_zz,vonmises
0,0,0,0,0,0,0,0,0,0,0,0,0,0,0,0,0,0,0,0,0,0,0,0,0,0,0,0,0,0,0,0,0,0,0,0,0,0,0,0,0,0,0,0,0,0,0,0,0,0,0,0,0,0,0,0,0,0,0,0,0,0,0,0,0,0,0,0,0,0,0,0,0,0,0,0,0,0,0,0,0,0,0,0,0,0,0,0,0,0,0,0,0,0,0,0,0,0,0,0,0,0,0,0,0,0,0,0,0,0
140.91914656322,3.1716596231407e-09,5000000037472.1,5000000037400.9,5000000037400.9,5000000037400.9,5000000037472.1,5000000037472.1,5000000037472.1,5000000036917.3,5000000036917.3,5000000036917.3,5000000041070.2,5000000037472.1,5000000041070.2,5000000041070.2,5000000037400.9,5000000037400.9,5000000037400.9,5000000037472.1,5000000036917.3,5000000036917.3,5000000036917.3,5000000041070.2,5000000041070.2,5000000041070.2,2.8402613665464e-12,2.8346524380657e-12,2.8346524380657e-12,2.8346524380657e-12,2.8402613665464e-12,2.8402613665464e-12,2.8402613665464e-12,2.7981323350105e-12,2.7981323350105e-12,2.7981323350105e-12,3.1131668722521e-12,2.8402613665464e-12,3.1131668722521e-12,3.1131668722521e-12,2.8346524380657e-12,2.8346524380657e-12,2.8346524380657e-12,2.8402613665464e-12,2.7981323350105e-12,2.7981323350105e-12,2.7981323350105e-12,3.1131668722521e-12,3.1131668722521e-12,3.1131668722521e-12,0.99999999999509,0.99999987998889,3.2010399817166e-06,3.2010446048601e-06,3.2010446048601e-06,3.2010446048601e-06,3.2010399817166e-06,3.2010399817166e-06,3.2010399817166e-06,3.2010403108127e-06,3.2010403108127e-06,3.2010403108127e-06,3.2010450627075e-06,3.2010399817166e-06,3.2010450627075e-06,3.2010450627075e-06,3.2010446048601e-06,3.2010446048601e-06,3.2010446048601e-06,3.2010399817166e-06,3.2010403108127e-06,3.2010403108127e-06,3.2010403108127e-06,3.2010450627075e-06,3.2010450627075e-06,3.2010450627075e-06,0.00011973820349642,6.6010811973909e-21,-4.4707623908856e-21,1.3254230626387e-19,-3.4136673663743e-20,1.7638786699145e-21,8.240031800294e-22,-1.2315405663477e-21,4.9698462444522e-20,-1.2458746095269e-20,5.9828191192698e-21,-3.0168369359322e-21,-1.2745217330676e-20,1.1399306015784e-20,-5.7121968890243e-20,6.0093168923496e-20,2.6297939794651e-20,-3.577674874808e-20,2.6173501212771e-20,4.4210970495305e-20,1.0700367951071e-19,1.9363864647865e-20,1.7460213881545e-23,1.5202912667578e-20,-6.6303530332763e-20,15999999.075404,3999999.6231303,-5.7559160033173e-05,0.0001214621562081,3.339795479516e-05,-5.8890101495777e-05,28.2052928532,14.102800881952,25.91796819128
445.62546906687,2.0876199743112e-08,5000000231732.8,5000000231268.2,5000000231268.2,5000000231268.2,5000000231732.8,5000000231732.8,5000000231732.8,5000000228293.4,5000000228293.4,5000000228293.4,5000000254005.4,5000000231732.8,5000000254005.4,5000000254005.4,5000000231268.2,5000000231268.2,5000000231268.2,5000000231732.8,5000000228293.4,5000000228293.4,5000000228293.4,5000000254005.4,5000000254005.4,5000000254005.4,3.3953896038441e-12,3.3884883563475e-12,3.3884883563502e-12,3.3884883563493e-12,3.3953896038449e-12,3.3953896038443e-12,3.3953896038443e-12,3.3449546312676e-12,3.3449546312678e-12,3.3449546312675e-12,3.7218186025759e-12,3.3953896038447e-12,3.7218186025761e-12,3.7218186025764e-12,3.3884883563488e-12,3.3884883563477e-12,3.3884883563487e-12,3.3953896038454e-12,3.3449546312679e-12,3.344954631268e-12,3.3449546312677e-12,3.7218186025759e-12,3.7218186025766e-12,3.7218186025768e-12,0.99999999797711,0.99999964594244,3.5975819403463e-06,3.5976021839367e-06,3.5976021839368e-06,3.5976021839368e-06,3.5975819403463e-06,3.5975819403463e-06,3.5975819403463e-06,3.5975833835943e-06,3.5975833835943e-06,3.5975833835943e-06,3.5976041703036e-06,3.5975819403463e-06,3.5976041703035e-06,3.5976041703035e-06,3.5976021839368e-06,3.5976021839367e-06,3.5976021839367e-06,3.5975819403464e-06,3.5975833835943e-06,3.5975833835943e-06,3.5975833835943e-06,3.5976041703036e-06,3.5976041703036e-06,3.5976041703036e-06,0.00012745786209419,2.5669432115381e-20,-4.9557739336447e-20,6.020428741805e-19,-1.2157852669894e-19,6.0901104452367e-21,6.551825391806e-21,-5.9396329072495e-21,1.8748711100535e-19,-4.7524494848996e-20,2.2375975456323e-20,-1.7113749084636e-20,-4.7049443063511e-20,3.0082852534e-20,-2.1131108150511e-19,2.7314655888669e-19,7.8881749587756e-20,-1.4143593792893e-19,1.0953572463011e-19,1.7106797552652e-19,4.0858733536226e-19,6.0495945320157e-20,6.80640251504e-21,6.7032975998025e-20,-2.4342533369621e-19,15999994.387644,3999997.5201798,-6.1267188378809e-05,0.00012929557929709,3.5554041405686e-05,-6.6640422002521e-05,30.022831077099,15.011590347735,27.587640352936
1409.1914656322,7.7053029032393e-08,5000000744121.8,5000000742627.9,5000000742627.9,5000000742627.9,5000000744121.8,5000000744121.8,5000000744121.8,5000000733073.8,5000000733073.8,5000000733073.8,5000000815651.2,5000000744121.8,5000000815651.3,5000000815651.3,5000000742627.9,5000000742627.9,5000000742627.9,5000000744121.7,5000000733073.8,5000000733073.8,5000000733073.8,5000000815651.2,5000000815651.2,5000000815651.2,3.3951818164418e-12,3.3883098210784e-12,3.38830982109e-12,3.3883098210861e-12,3.3951818164451e-12,3.3951818164425e-12,3.3951818164426e-12,3.3447244817537e-12,3.3447244817545e-12,3.3447244817532e-12,3.7216287141772e-12,3.3951818164444e-12,3.7216287141782e-12,3.7216287141794e-12,3.3883098210841e-12,3.388309821079e-12,3.3883098210835e-12,3.3951818164473e-12,3.3447244817553e-12,3.3447244817553e-12,3.3447244817542e-12,3.7216287141774e-12,3.72162871418e-12,3.7216287141812e-12,0.99999999831475,0.99999965168244,4.6399992825009e-06,4.640054929892e-06,4.6400549298933e-06,4.6400549298924e-06,4.6399992825008e-06,4.6399992825006e-06,4.6399992825008e-06,4.6400032677948e-06,4.6400032677952e-06,4.6400032677948e-06,4.6400602507109e-06,4.6399992825005e-06,4.6400602507105e-06,4.6400602507106e-06,4.6400549298925e-06,4.6400549298914e-06,4.640054929892e-06,4.639999282502e-06,4.6400032677956e-06,4.6400032677955e-06,4.640003267795e-06,4.6400602507112e-06,4.640060250711e-06,4.6400602507109e-06,0.00012750740206124,2.5094500361909e-20,-4.8239185375172e-20,5.9025798641897e-19,-1.1961272213526e-19,6.1938658426503e-21,6.6246232012346e-21,-5.4940773402178e-21,1.8451148475811e-19,-4.6221936265885e-20,2.2244102619733e-20,-1.6260381361247e-20,-4.6216133834593e-20,3.0095161320269e-20,-2.075257619363e-19,2.684237386893e-19,7.8283583941083e-20,-1.3842705791708e-19,1.0724900045994e-19,1.6809989446338e-19,4.0116803292912e-19,5.9585974632082e-20,6.3878460711474e-21,6.5926965607346e-20,-2.3946095303998e-19,15999979.522995,3999990.8474278,-6.1267482239033e-05,0.00012936460259986,3.5565373665206e-05,-6.6604903374965e-05,30.022831137086,15.011590333823,27.586738970398
4456.2546906687,2.5466882894056e-07,5000001900056.3,5000001896276.7,5000001896276.6,5000001896276.7,5000001900056.3,5000001900056.3,5000001900056.3,5000001871832.8,5000001871832.8,5000001871832.8,5000002082724.7,5000001900056.3,5000002082724.7,5000002082724.7,5000001896276.7,5000001896276.7,5000001896276.7,5000001900056.2,5000001871832.8,5000001871832.8,5000001871832.8,5000002082724.7,5000002082724.7,5000002082724.7,3.3945252241448e-12,3.387746060758e-12,3.3877460607973e-12,3.3877460607841e-12,3.394525224156e-12,3.3945252241471e-12,3.3945252241476e-12,3.3439970753032e-12,3.3439970753059e-12,3.3439970753015e-12,3.7210292740517e-12,3.3945252241537e-12,3.721029274055e-12,3.7210292740589e-12,3.3877460607772e-12,3.3877460607602e-12,3.3877460607753e-12,3.3945252241636e-12,3.3439970753087e-12,3.3439970753088e-12,3.3439970753049e-12,3.7210292740521e-12,3.7210292740611e-12,3.721029274065e-12,1.0000000032527,0.99999966420204,6.9925821372391e-06,6.9927034980849e-06,6.9927034980944e-06,6.9927034980877e-06,6.9925821372389e-06,6.9925821372369e-06,6.9925821372383e-06,6.9925909212795e-06,6.9925909212823e-06,6.9925909212793e-06,6.9927143017862e-06,6.992582137236e-06,6.9927143017829e-06,6.9927143017837e-06,6.9927034980883e-06,6.9927034980801e-06,6.9927034980845e-06,6.9925821372479e-06,6.9925909212851e-06,6.9925909212849e-06,6.9925909212808e-06,6.9927143017889e-06,6.9927143017869e-06,6.9927143017867e-06,0.00012766407533112,2.3739463077123e-20,-4.5337342926362e-20,5.6466462710872e-19,-1.1530163356231e-19,6.5817065561264e-21,6.9678180849062e-21,-4.2562805156828e-21,1.7818935472759e-19,-4.2981820846852e-20,2.216448054922e-20,-1.4001253238513e-20,-4.435619245029e-20,3.0407037314828e-20,-1.9908152902603e-19,2.5865213504472e-19,7.7363697943684e-20,-1.314713201582e-19,1.0203323082631e-19,1.6163994320133e-19,3.8464991585747e-19,5.7571098030139e-20,5.2972594831963e-21,6.3675541705036e-20,-2.3090334082113e-19,15999932.521418,3999969.7492448,-6.1268399674867e-05,0.00012958283702973,3.5601201540004e-05,-6.6492669988033e-05,30.02283132646,15.011590289642,27.583894649224
14091.914656322,8.1603074380593e-07,5000004189910.7,5000004181752.9,5000004181752.7,5000004181752.9,5000004189910.7,5000004189910.8,5000004189910.7,5000004127558.9,5000004127558.8,5000004127558.9,5000004592895.5,5000004189910.8,5000004592895.6,5000004592895.5,5000004181752.8,5000004181753.1,5000004181753,5000004189910.5,5000004127558.8,5000004127558.8,5000004127558.9,5000004592895.4,5000004592895.5,5000004592895.5,3.3924600788159e-12,3.3859685536901e-12,3.3859685538129e-12,3.3859685537725e-12,3.3924600788513e-12,3.3924600788233e-12,3.3924600788247e-12,3.3417067819819e-12,3.3417067819904e-12,3.3417067819765e-12,3.7191447151964e-12,3.392460078844e-12,3.7191447152069e-12,3.7191447152193e-12,3.3859685537504e-12,3.3859685536971e-12,3.3859685537449e-12,3.3924600788751e-12,3.3417067819992e-12,3.3417067819996e-12,3.3417067819873e-12,3.7191447151974e-12,3.7191447152262e-12,3.7191447152384e-12,0.99999999917202,0.99999968688726,1.1655697978162e-05,1.1655931582069e-05,1.1655931582128e-05,1.1655931582086e-05,1.165569797816e-05,1.1655697978148e-05,1.1655697978157e-05,1.1655715377762e-05,1.165571537778e-05,1.1655715377761e-05,1.1655947886971e-05,1.1655697978143e-05,1.1655947886951e-05,1.1655947886955e-05,1.165593158209e-05,1.1655931582039e-05,1.1655931582067e-05,1.1655697978216e-05,1.1655715377797e-05,1.1655715377795e-05,1.165571537777e-05,1.1655947886987e-05,1.1655947886975e-05,1.1655947886974e-05,0.0001281596588293,2.0901627790454e-20,-3.9981031341495e-20,5.1867742272077e-19,-1.0740082237879e-19,7.8962594980676e-21,8.2928504969018e-21,-1.0029567403649e-21,1.6736491471533e-19,-3.5587224302246e-20,2.280971340337e-20,-8.3954562003854e-21,-4.0824234580828e-20,3.2061469081819e-20,-1.8306658867078e-19,2.4293742430911e-19,7.7162385555721e-20,-1.1736838333915e-19,9.1710854021074e-20,1.4998311156423e-19,3.5343078732641e-19,5.3808073591749e-20,2.6558047870074e-21,6.0203293791877e-20,-2.1573726912877e-19,15999783.93494,3999903.0599528,-6.1271182656083e-05,0.00013027259137631,3.5714421013743e-05,-6.6142288801295e-05,30.02283191699,15.011590143796,27.574960842903
44562.546906687,2.5881511989292e-06,5000008420393.5,5000008404906.2,5000008404905.2,5000008404905.9,5000008420393.6,5000008420393.8,5000008420393.6,5000008294335.5,5000008294335.2,5000008294335.6,5000009231371.3,5000008420393.9,5000009231371.7,5000009231371.6,5000008404905.9,5000008404906.7,5000008404906.3,5000008420392.6,5000008294334.9,5000008294335,5000008294335.4,5000009231371.1,5000009231371.3,5000009231371.3,3.3860254589096e-12,3.3804175614268e-12,3.380417561791e-12,3.3804175616767e-12,3.3860254590169e-12,3.3860254589324e-12,3.3860254589366e-12,3.3345597740253e-12,3.3345597740511e-12,3.3345597740087e-12,3.7132694890689e-12,3.3860254589947e-12,3.7132694891e-12,3.7132694891385e-12,3.380417561606e-12,3.3804175614491e-12,3.3804175615927e-12,3.3860254590888e-12,3.3345597740763e-12,3.3345597740786e-12,3.3345597740414e-12,3.7132694890704e-12,3.7132694891594e-12,3.7132694891962e-12,0.99999999982617,0.99999972211378,2.0282851588702e-05,2.0283279933614e-05,2.0283279933942e-05,2.0283279933714e-05,2.0282851588696e-05,2.0282851588626e-05,2.0282851588676e-05,2.0282886247302e-05,2.02828862474e-05,2.0282886247293e-05,2.0283284598716e-05,2.0282851588597e-05,2.0283284598604e-05,2.028328459863e-05,2.0283279933734e-05,2.0283279933453e-05,2.0283279933605e-05,2.0282851589005e-05,2.0282886247491e-05,2.0282886247486e-05,2.0282886247346e-05,2.0283284598804e-05,2.0283284598741e-05,2.0283284598733e-05,0.00012972815195268,1.5391716313076e-20,-3.1398742761542e-20,4.4836206644212e-19,-9.4872042943371e-20,1.1663136681018e-20,1.238137423351e-20,6.9784586196283e-21,1.5227743942783e-19,-1.9610817541754e-20,2.6084283947562e-20,4.6938025403171e-21,-3.4827301100039e-20,3.7828488803826e-20,-1.5616286774596e-19,2.2424606060699e-19,8.111510995848e-20,-9.1106492994083e-20,7.3062790149364e-20,1.3201669607101e-19,3.0100017659495e-19,4.7686509257724e-20,-3.3225923633019e-21,5.6624847501569e-20,-1.9322233236321e-19,15999314.513982,3999692.4571829,-6.1278803811293e-05,0.00013245017302788,3.6071684168253e-05,-6.5190855587085e-05,30.022833545402,15.011589493194,27.547308215015
140919.14656322,8.1621958906797e-06,5000016009452.6,5000015984866.9,5000015984863.3,5000015984865.6,5000016009452.5,5000016009453.4,5000016009452.8,5000015765367.1,5000015765366,5000015765367.3,5000017557666.9,5000016009453.7,5000017557668.1,5000017557667.8,5000015984865.5,5000015984868.6,5000015984866.9,5000016009449.1,5000015765365.1,5000015765365.1,5000015765366.6,5000017557666,5000017557666.6,5000017557666.6,3.3665223568413e-12,3.3635184847545e-12,3.36351848577e-12,3.3635184854944e-12,3.3665223571548e-12,3.3665223569089e-12,3.3665223569236e-12,3.3128124773242e-12,3.3128124773997e-12,3.3128124772744e-12,3.6954196392213e-12,3.3665223570894e-12,3.6954196393053e-12,3.6954196394234e-12,3.3635184852579e-12,3.3635184848301e-12,3.3635184852398e-12,3.3665223573659e-12,3.3128124774645e-12,3.3128124774779e-12,3.3128124773729e-12,3.6954196392125e-12,3.6954196394869e-12,3.6954196395932e-12,0.99999999983206,0.99999976907159,3.5823048098608e-05,3.5823826874665e-05,3.5823826876368e-05,3.5823826875225e-05,3.5823048098602e-05,3.5823048098228e-05,3.5823048098488e-05,3.5823127009473e-05,3.5823127009982e-05,3.5823127009423e-05,3.5823694745744e-05,3.5823048098081e-05,3.5823694745166e-05,3.5823694745305e-05,3.5823826875314e-05,3.5823826873854e-05,3.5823826874652e-05,3.5823048100206e-05,3.582312701043e-05,3.5823127010424e-05,3.5823127009705e-05,3.5823694746167e-05,3.5823694745879e-05,3.5823694745848e-05,0.0001346992665952,5.6437018690367e-21,-1.9557729354473e-20,3.5720060849257e-19,-7.7585889275839e-20,1.9967423536725e-20,2.2099977853206e-20,2.3926693677875e-20,1.3501114940956e-19,1.1998308428033e-20,3.5203157285177e-20,3.1686399018302e-20,-2.5307456311519e-20,5.2691196828716e-20,-1.1619964650136e-19,2.1157452304196e-19,9.5760299806392e-20,-4.6503324593735e-20,4.1696861186166e-20,1.0837783129392e-19,2.2075978702217e-19,3.9286863093357e-20,-1.5116242672049e-20,5.6363662703833e-20,-1.6588436283771e-19,15997834.45282,3999029.2635947,-6.1291219319868e-05,0.00013930079345009,3.719417099726e-05,-6.6819257304766e-05,30.022831903429,15.011582000213,27.465580880394
445625.46906687,2.5511293976561e-05,5000029398302.8,5000029375971.6,5000029375959.2,5000029375965.6,5000029398301.8,5000029398304.9,5000029398303.1,5000028925563,5000028925559.4,5000028925563.5,5000032273022.6,5000029398305.9,5000032273026.7,5000032273025.5,5000029375965.9,5000029375976.2,5000029375970.3,5000029398290.2,5000028925557.2,5000028925556.4,5000028925561,5000032273020.9,5000032273021.5,5000032273021.2,3.3127798836346e-12,3.3157273904504e-12,3.3157273930581e-12,3.315727392644e-12,3.3127798845288e-12,3.3127798838293e-12,3.3127798838925e-12,3.2522743644041e-12,3.252274364614e-12,3.2522743642478e-12,3.6456158351683e-12,3.3127798843321e-12,3.645615835353e-12,3.6456158357227e-12,3.3157273917624e-12,3.3157273907395e-12,3.315727391835e-12,3.3127798851587e-12,3.252274364733e-12,3.2522743648283e-12,3.2522743645668e-12,3.6456158350503e-12,3.6456158359287e-12,3.6456158362354e-12,0.99999999995593,0.99999981914949,6.3566981274471e-05,6.3568418185703e-05,6.3568418194054e-05,6.3568418189057e-05,6.3566981274775e-05,6.3566981272815e-05,6.3566981274057e-05,6.3567224997384e-05,6.3567224999839e-05,6.3567224997087e-05,6.3567399669414e-05,6.3566981272132e-05,6.3567399666637e-05,6.3567399667368e-05,6.3568418189222e-05,6.3568418182147e-05,6.3568418186096e-05,6.3566981282595e-05,6.3567225001697e-05,6.3567225001941e-05,6.3567224998593e-05,6.3567399671044e-05,6.3567399670131e-05,6.3567399670145e-05,0.00015047723061526,-7.9465459609766e-21,-7.2008409821989e-21,2.6489750750468e-19,-5.8358372110413e-20,2.9656172150626e-20,3.6895753853149e-20,4.9665641240847e-20,1.1440808324075e-19,6.258396029382e-20,4.9684104492183e-20,7.3481188826627e-20,-1.011586199791e-20,7.9059977925767e-20,-7.040759310707e-20,2.136680733483e-19,1.2469165629187e-19,1.442607222436e-20,-5.6093486684165e-21,8.3739135908643e-20,1.102067754956e-19,3.2242465315334e-20,-3.1733161519893e-20,6.5881506623137e-20,-1.4311779476684e-19,15993194.002828,3996957.5489598,-6.1216903379147e-05,0.00016062802303951,4.0683234588575e-05,-0.00017899572266547,30.022662679497,15.011434281003,27.256729155885
561009.22715098,3.1968961063393e-05,5000033002531.6,5000032985285.1,5000032985269.3,5000032985276.8,5000033002529.9,5000033002534,5000033002531.8,5000032460846.5,5000032460842.1,5000032460847.3,5000036241871.6,5000033002535.2,5000036241876.7,5000036241875.1,5000032985277.5,5000032985290.5,5000032985283,5000033002515.3,5000032460839.6,5000032460838.3,5000032460843.9,5000036241869.9,5000036241870.1,5000036241869.5,3.2876359187063e-12,3.2923306700641e-12,3.2923306734015e-12,3.2923306730584e-12,3.2876359199136e-12,3.287635918967e-12,3.2876359190709e-12,3.2229016328646e-12,3.2229016331373e-12,3.2229016326379e-12,3.6218107925713e-12,3.2876359196349e-12,3.621810792783e-12,3.6218107932963e-12,3.2923306717555e-12,3.2923306704987e-12,3.2923306719243e-12,3.2876359207859e-12,3.2229016332488e-12,3.2229016334241e-12,3.2229016330998e-12,3.6218107923534e-12,3.621810793585e-12,3.6218107940115e-12,0.99999999982723,0.99999983074386,7.1137918793054e-05,7.1139541308931e-05,7.1139541320388e-05,7.113954131385e-05,7.1137918793643e-05,7.1137918790891e-05,7.1137918792576e-05,7.1138243417669e-05,7.1138243421008e-05,7.1138243417236e-05,7.1138057094094e-05,7.1137918789978e-05,7.1138057090317e-05,7.1138057091345e-05,7.1139541313924e-05,7.1139541304279e-05,7.1139541309697e-05,7.1137918804344e-05,7.1138243423379e-05,7.1138243423857e-05,7.1138243419376e-05,7.1138057096101e-05,7.11380570951e-05,7.113805709522e-05,0.00015644296225657,-1.1541348558506e-20,-4.5645782123116e-21,2.4491231007065e-19,-5.3845714629921e-20,3.0104281535831e-20,4.0461549183031e-20,5.6523191251901e-20,1.0618010959271e-19,7.8776256588029e-20,5.2974965447852e-20,8.5704337827459e-20,-3.9934225861155e-21,8.7329616881433e-20,-6.0383293814858e-20,2.1640907812499e-19,1.342825432862e-19,3.106360758044e-20,-2.1428021993855e-20,7.8123443776018e-20,7.4650456694865e-20,3.1963686048048e-20,-3.5927643479442e-20,7.1598276548084e-20,-1.4035553783571e-19,15991452.459477,3996183.0819236,-6.1140447134862e-05,0.00016856610678644,4.1984825486885e-05,-4.544166486623e-05,30.022862761238,15.011580218712,27.194496248626
706268.77231137,4.0024968970202e-05,5000037029440.5,5000037019241.1,5000037019221,5000037019229.6,5000037029437.9,5000037029443.3,5000037029440.5,5000036405791,5000036405785.4,5000036405792,5000040679652.5,5000037029444.7,5000040679658.8,5000040679656.8,5000037019230.9,5000037019247.2,5000037019237.8,5000037029419.4,5000036405783,5000036405780.8,5000036405787.6,5000040679651,5000040679650.5,5000040679649.3,3.266434208394e-12,3.2719531702666e-12,3.2719531742376e-12,3.2719531740217e-12,3.2664342099025e-12,3.2664342087175e-12,3.2664342088672e-12,3.1976647569548e-12,3.1976647572802e-12,3.1976647566518e-12,3.6014682974095e-12,3.2664342095384e-12,3.6014682976341e-12,3.6014682982855e-12,3.2719531722924e-12,3.2719531708541e-12,3.2719531725738e-12,3.266434211011e-12,3.1976647573635e-12,3.1976647576367e-12,3.1976647572629e-12,3.6014682970774e-12,3.6014682986517e-12,3.6014682992038e-12,0.99999999968496,0.9999998375951,7.9652054356771e-05,7.965388850846e-05,7.9653888524134e-05,7.96538885157e-05,7.9652054357857e-05,7.9652054353988e-05,7.9652054356262e-05,7.9652494603913e-05,7.9652494608436e-05,7.9652494603275e-05,7.9651743829128e-05,7.965205435278e-05,7.9651743824009e-05,7.9651743825457e-05,7.9653888515551e-05,7.9653888502464e-05,7.9653888509868e-05,7.965205437245e-05,7.9652494611387e-05,7.9652494612273e-05,7.965249460633e-05,7.9651743831505e-05,7.9651743830536e-05,7.9651743830869e-05,0.00016394246411982,-1.3756305835922e-20,-3.0429080853393e-21,2.3374966721026e-19,-5.121287067766e-20,2.8974152413389e-20,4.2470594673992e-20,6.0741781553464e-20,9.895642085616e-20,9.0571018067897e-20,5.4576427671752e-20,9.4015787531891e-20,1.313366404866e-21,9.3056854280226e-20,-5.5029282807908e-20,2.1863721022589e-19,1.4126711545732e-19,4.1820189951392e-20,-3.3309189025396e-20,7.4791793102599e-20,4.8026577214411e-20,3.2587335573845e-20,-3.846220072898e-20,7.6788512573815e-20,-1.4009555032375e-19,15989270.171883,3995214.6113972,-6.1011096345421e-05,0.00017846463039977,4.3612756583757e-05,-4.0297542868714e-05,30.022868759961,15.011576298575,27.126628182145
889139.70501946,5.0058232931272e-05,5000041522087.7,5000041520392.1,5000041520366.5,5000041520376,5000041522083.6,5000041522090.8,5000041522087.3,5000040799922.3,5000040799915.3,5000040799923.7,5000045634722.3,5000041522092.4,5000045634730.3,5000045634727.5,5000041520378.4,5000041520398.7,5000041520386.8,5000041522060.2,5000040799913,5000040799909.5,5000040799917.6,5000045634721.5,5000045634719.8,5000045634717.7,3.2426526155849e-12,3.2480913241042e-12,3.2480913288278e-12,3.2480913288326e-12,3.2426526174876e-12,3.2426526159895e-12,3.2426526162071e-12,3.1686115875262e-12,3.1686115879119e-12,3.1686115871148e-12,3.5781690700476e-12,3.2426526170031e-12,3.5781690702741e-12,3.5781690711042e-12,3.2480913265315e-12,3.2480913249029e-12,3.2480913269797e-12,3.2426526189092e-12,3.168611587935e-12,3.1686115883594e-12,3.1686115879326e-12,3.5781690695481e-12,3.5781690715668e-12,3.5781690722965e-12,1.0000000000482,0.99999984287771,8.9222220577931e-05,8.9224295719875e-05,8.9224295741284e-05,8.9224295730573e-05,8.9222220579866e-05,8.9222220574411e-05,8.9222220577469e-05,8.9222829162675e-05,8.9222829168784e-05,8.9222829161727e-05,8.9221215158753e-05,8.9222220572829e-05,8.9221215151831e-05,8.922121515388e-05,8.9224295729966e-05,8.9224295712272e-05,8.9224295722361e-05,8.9222220599727e-05,8.9222829172338e-05,8.9222829173926e-05,8.9222829166112e-05,8.9221215161413e-05,8.9221215160714e-05,8.9221215161457e-05,0.00017335888842309,-1.5569140257427e-20,-1.7958991482522e-21,2.258858136012e-19,-4.9257121163737e-20,2.6231541124268e-20,4.3993480379431e-20,6.4216083183606e-20,9.0294015798604e-20,1.0268237891992e-19,5.5396190932527e-20,1.0193510970023e-19,7.7642766402274e-21,9.8527612583161e-20,-5.1589237293363e-20,2.2111772804071e-19,1.4846392078644e-19,5.1286762639662e-20,-4.5683237957288e-20,7.214643334609e-20,2.0098215184906e-20,3.4036218875656e-20,-4.055707649417e-20,8.3050902237549e-20,-1.4164115199243e-19,15986537.697844,3994004.9062199,-6.0797935686712e-05,0.00019078426994657,4.5650047912623e-05,-3.4195024986218e-05,30.02287455927,15.011570475599,27.055584684325
1119360.5692842,6.2531535392833e-05,5000046527462,5000046534625.1,5000046534592.6,5000046534602.6,5000046527455.5,5000046527465.2,5000046527460.9,5000045685477.3,5000045685468.5,5000045685479.4,5000051159751.9,5000046527467,5000051159762,5000051159758.3,5000046534606.7,5000046534632.1,5000046534617,5000046527425.8,5000045685467,5000045685461.5,5000045685471,5000051159752.5,5000051159748.8,5000051159745.2,3.2161442250011e-12,3.2208255301883e-12,3.2208255358225e-12,3.2208255361745e-12,3.2161442274271e-12,3.2161442255122e-12,3.2161442258274e-12,3.1356904572054e-12,3.1356904576595e-12,3.1356904566353e-12,3.5521232651166e-12,3.2161442267707e-12,3.5521232653227e-12,3.5521232663864e-12,3.2208255331078e-12,3.2208255312823e-12,3.2208255337986e-12,3.216144229264e-12,3.135690457567e-12,3.1356904582286e-12,3.1356904577465e-12,3.5521232643708e-12,3.5521232669698e-12,3.5521232679507e-12,0.99999999996547,0.99999984624793,9.9975140766475e-05,9.9977490569005e-05,9.9977490598239e-05,9.9977490584881e-05,9.9975140769844e-05,9.9975140762115e-05,9.9975140766216e-05,9.9975999145291e-05,9.9975999153535e-05,9.9975999143865e-05,9.997308427258e-05,9.9975140760069e-05,9.9973084263222e-05,9.9973084266143e-05,9.9977490583412e-05,9.9977490559559e-05,9.9977490573277e-05,9.9975140796845e-05,9.9975999157609e-05,9.9975999160391e-05,9.9975999150208e-05,9.997308427528e-05,9.9973084275292e-05,9.997308427679e-05,0.00018516242993963,-1.6896779947086e-20,-7.4634742185559e-22,2.2218420678269e-19,-4.8188011497398e-20,2.1526254224423e-20,4.5167076012541e-20,6.6908044818484e-20,7.9977771782615e-20,1.1551272248124e-19,5.5411355750357e-20,1.0964649244182e-19,1.5880912964388e-20,1.0378154915088e-19,-5.0426558661208e-20,2.2415553671777e-19,1.5620074208644e-19,5.923170104276e-20,-5.8598390962419e-20,7.0327185301641e-20,-9.5554468047079e-21,3.6418114629498e-20,-4.2252898176232e-20,9.0624458890646e-20,-1.4546253244312e-19,15983119.118833,3992495.6920001,-6.0454392640132e-05,0.00020608250502663,4.8202585293175e-05,-2.7019637317676e-05,30.022878925881,15.011561917381,26.98515638018
1409191.4656322,7.8008966935905e-05,5000052096132.1,5000052111648.6,5000052111606.8,5000052111616.9,5000052096121.9,5000052096135.1,5000052096129.8,5000051108183,5000051108171.8,5000051108186.2,5000057312641.8,5000052096137.1,5000057312654.7,5000057312649.5,5000052111623.6,5000052111655.3,5000052111636.3,5000052096084.2,5000051108171.9,5000051108163.3,5000051108174.4,5000057312644.7,5000057312637.9,5000057312632,3.1867215856742e-12,3.1901871939232e-12,3.1901872006819e-12,3.1901872015597e-12,3.1867215888188e-12,3.1867215863329e-12,3.1867215867871e-12,3.0996503118043e-12,3.0996503123387e-12,3.0996503110028e-12,3.5235084885438e-12,3.1867215879115e-12,3.5235084886936e-12,3.5235084900645e-12,3.1901871974541e-12,3.1901871954393e-12,3.190187198503e-12,3.1867215912092e-12,3.0996503120478e-12,3.099650313073e-12,3.099650312529e-12,3.5235084874361e-12,3.5235084907982e-12,3.5235084921404e-12,0.99999999997638,0.99999984695152,0.00011205308381197,0.00011205574785658,0.00011205574789653,0.00011205574788024,0.00011205308381774,0.00011205308380672,0.00011205308381221,0.00011205431919951,0.00011205431921065,0.00011205431919733,0.0001120494630283,0.00011205308380411,0.00011204946301563,0.00011204946301984,0.00011205574787723,0.00011205574784513,0.00011205574786376,0.00011205308385446,0.00011205431921495,0.00011205431921975,0.00011205431920659,0.00011204946303053,0.00011204946303202,0.00011204946303488,0.00019992793400897,-1.7704440102271e-20,3.0500285895388e-22,2.2366379626482e-19,-4.8217498735353e-20,1.4506835013553e-20,4.6374350947482e-20,6.8928170950499e-20,6.7844653323381e-20,1.2992301482537e-19,5.4733024579553e-20,1.1763870034765e-19,2.6495245353327e-20,1.0903198573112e-19,-5.1860923143199e-20,2.2834108786107e-19,1.650875397582e-19,6.555663933858e-20,-7.2206284110034e-20,6.9537118477999e-20,-4.1719601548952e-20,3.9799419474428e-20,-4.3689638556694e-20,9.9841652872449e-20,-1.5215730364545e-19,15978845.633538,3990615.0997977,-5.991167390548e-05,0.00022503113211305,5.1408444887029e-05,-1.8838802295253e-05,30.022879431528,15.011549418276,26.920587366543
1774066.9461679,9.7176962182214e-05,5000058282885.9,5000058304583.4,5000058304529.5,5000058304538.7,5000058282870,5000058282888.1,5000058282881.6,5000057118813.3,5000057118798.7,5000057118818.1,5000064155663.9,5000058282890.3,5000064155680.6,5000064155673.2,5000058304549.4,5000058304589.1,5000058304565,5000058282821.8,5000057118802,5000057118788.3,5000057118801.3,5000064155670.7,5000064155659.2,5000064155649.5,3.1548102676481e-12,3.1560987131179e-12,3.1560987213096e-12,3.1560987229399e-12,3.1548102718095e-12,3.1548102685202e-12,3.1548102691708e-12,3.0616013141783e-12,3.0616013148126e-12,3.0616013130311e-12,3.4919748372263e-12,3.154810270533e-12,3.4919748372654e-12,3.4919748390467e-12,3.1560987174235e-12,3.1560987152408e-12,3.1560987189963e-12,3.1548102749414e-12,3.0616013141823e-12,3.0616013157796e-12,3.0616013151508e-12,3.491974835585e-12,3.4919748399556e-12,3.4919748418389e-12,0.99999999997578,0.99999984491968,0.00012561570962613,0.0001256187359873,0.00012561873604205,0.00012561873602272,0.00012561570963591,0.00012561570962005,0.00012561570962738,0.00012561751992436,0.00012561751993951,0.00012561751992097,0.00012560978715162,0.00012561570961679,0.00012560978713437,0.00012560978714052,0.00012561873601704,0.00012561873597389,0.00012561873599918,0.00012561570968591,0.00012561751994332,0.00012561751995153,0.00012561751993463,0.00012560978715239,0.00012560978715666,0.00012560978716192,0.00021835463187028,-1.8045513567807e-20,1.6565189163581e-21,2.3166625510217e-19,-4.962645510317e-20,4.8547729824949e-21,4.8363999378853e-20,7.0542183080743e-20,5.3799176181477e-20,1.4742014995254e-19,5.3733256792809e-20,1.2680538321437e-19,4.0915082906373e-20,1.1473460368163e-19,-5.6180986383871e-20,2.3473536740485e-19,1.7610031393098e-19,7.0293617447121e-20,-8.6761780491339e-20,7.0008756075445e-20,-7.7736407591128e-20,4.4204696970344e-20,-4.5141107926714e-20,1.11162051191e-19,-1.6252312519561e-19,15973507.908643,3988274.6253755,-5.9071095700727e-05,0.00024843474986131,5.5451066466743e-05,-9.258574054454e-06,30.022872346678,15.011531991552,26.868570362188
2233417.9607548,0.00012087032196593,5000065148043.9,5000065171128.8,5000065171058.5,5000065171065.5,5000065148019.3,5000065148044.5,5000065148036.5,5000063774088.7,5000063774069.2,5000063774096.1,5000071755284.7,5000065148046.6,5000071755306.9,5000071755296.1,5000065171082.2,5000065171132.1,5000065171101.5,5000065147957.2,5000063774078.3,5000063774056.7,5000063774072.1,5000071755298,5000071755279.4,5000071755263.7,3.120785349216e-12,3.1195232132882e-12,3.1195232234038e-12,3.1195232260731e-12,3.1207853548492e-12,3.1207853504108e-12,3.1207853513304e-12,3.0224792411556e-12,3.0224792419173e-12,3.0224792394713e-12,3.4568133599132e-12,3.1207853530291e-12,3.4568133597615e-12,3.4568133621063e-12,3.1195232186205e-12,3.1195232163034e-12,3.1195232209597e-12,3.1207853589841e-12,3.0224792406938e-12,3.022479243227e-12,3.0224792424619e-12,3.4568133574832e-12,3.4568133631981e-12,3.4568133659135e-12,0.99999999997815,0.99999983822781,0.00014084212424762,0.00014084557492128,0.00014084557499666,0.00014084557497455,0.00014084212426407,0.00014084212424103,0.0001408421242508,0.00014084481374385,0.00014084481376466,0.00014084481373844,0.00014083284488266,0.00014084212423706,0.00014083284485897,0.00014083284486812,0.00014084557496437,0.00014084557490633,0.00014084557494071,0.0001408421243324,0.00014084481376647,0.00014084481378049,0.00014084481375884,0.00014083284488016,0.00014083284488937,0.00014083284489881,0.00024128989250758,-1.8066862327758e-20,3.7911475148689e-21,2.4814984726779e-19,-5.2677197913231e-20,-7.8540033312763e-21,5.2440527859856e-20,7.2195310134525e-20,3.7701705477089e-20,1.7035628937732e-19,5.310961098911e-20,1.3865651247399e-19,6.1279582100007e-20,1.2173009346993e-19,-6.3676410972777e-20,2.4507622962357e-19,1.9072183737659e-19,7.364014839272e-20,-1.0272524454741e-19,7.2109634613257e-20,-1.1969906291173e-19,4.9721965361386e-20,-4.7125609591638e-20,1.251943332164e-19,-1.7770703644553e-19,15966846.113875,3985365.2066681,-5.779366845215e-05,0.00027725217963874,6.0578721568317e-05,1.431483882907e-06,30.022850284188,15.011507785205,26.837185628096
2811706.6259517,0.00015010415071671,5000072755819.7,5000072775660.1,5000072775566.8,5000072775569.7,5000072755781.3,5000072755817,5000072755807.3,5000071138145.1,5000071138118.1,5000071138157,5000080180839.3,5000072755818.5,5000080180869.6,5000080180853.4,5000072775595.3,5000072775658.7,5000072775619.4,5000072755700.4,5000071138137.6,5000071138103,5000071138122.1,5000080180863.2,5000080180833.5,5000080180808.4,3.0842641521822e-12,3.0814615860925e-12,3.081461598943e-12,3.0814616029872e-12,3.0842641599948e-12,3.0842641538761e-12,3.0842641551588e-12,2.983856328462e-12,2.9838563293882e-12,2.9838563259305e-12,3.4176232792438e-12,3.0842641573709e-12,3.4176232787833e-12,3.4176232819417e-12,3.0814615928518e-12,3.0814615904429e-12,3.0814615963111e-12,3.0842641655056e-12,2.9838563271386e-12,2.9838563312303e-12,2.9838563302158e-12,3.4176232756285e-12,3.4176232831772e-12,3.4176232872179e-12,0.99999999998143,0.99999982708219,0.00015793316661903,0.00015793712400116,0.00015793712410569,0.00015793712408171,0.00015793316664662,0.00015793316661273,0.00015793316662569,0.00015793719417326,0.00015793719420235,0.00015793719416443,0.00015791902933522,0.00015793316660813,0.00015791902930219,0.00015791902931614,0.00015793712406404,0.00015793712398578,0.00015793712403264,0.00015793316674046,0.00015793719419915,0.00015793719422311,0.00015793719419528,0.00015791902932619,0.00015791902934392,0.0001579190293606,0.00026976012310918,-1.8084516690478e-20,7.3655777088195e-21,2.7637743761993e-19,-5.7610167123295e-20,-2.4459631687976e-20,6.0819668298452e-20,7.4578492776585e-20,1.9299730954809e-20,2.0212916722434e-19,5.4108697579564e-20,1.5565446551039e-19,9.1187165074362e-20,1.3152948480242e-19,-7.4839841608069e-20,2.6216284415392e-19,2.1108418963689e-19,7.5944176498708e-20,-1.2112751780593e-19,7.6401345664116e-20,-1.7070691531529e-19,5.6576445502241e-20,-5.0423586897382e-20,1.4293025397572e-19,-1.9952310839545e-19,15958538.20803,3981752.6887351,-5.5890746232686e-05,0.00031262068753586,6.7131712337009e-05,1.4374107170695e-05,30.022802900929,15.011477411017,26.836102045271
3539728.9219207,0.00018611332868469,5000081175254.9,5000081190675.9,5000081190549.4,5000081190545.8,5000081175194.7,5000081175246,5000081175234.9,5000079285319.7,5000079285280.5,5000079285339.2,5000089504022.7,5000081175245.7,5000089504065.9,5000089504040.6,5000081190584.7,5000081190666.4,5000081190615.2,5000081175087.7,5000079285318.5,5000079285262.4,5000079285287.7,5000089504064.1,5000089504017.3,5000089503977.2,3.0455786364911e-12,3.0437826315494e-12,3.0437826485287e-12,3.0437826543467e-12,3.0455786476396e-12,3.0455786390072e-12,3.0455786407564e-12,2.9479395359774e-12,2.9479395371378e-12,2.9479395321013e-12,3.3736318482169e-12,3.0455786438344e-12,3.3736318472695e-12,3.3736318516625e-12,3.0437826403997e-12,3.0437826379523e-12,3.0437826455403e-12,3.0455786551066e-12,2.9479395331133e-12,2.9479395398359e-12,2.9479395383327e-12,3.373631842789e-12,3.3736318528919e-12,3.373631859131e-12,0.99999999999539,0.99999980752403,0.00017711395078804,0.00017711851938158,0.00017711851952816,0.0001771185195042,0.0001771139508344,0.00017711395078387,0.00017711395080086,0.00017711998593573,0.00017711998597747,0.00017711998592092,0.0001770928354015,0.00017711395077903,0.00017709283535441,0.00017709283537629,0.00017711851947423,0.00017711851936816,0.00017711851943237,0.00017711395096427,0.00017711998596341,0.00017711998600463,0.00017711998596826,0.00017709283538014,0.00017709283541235,0.00017709283544147,0.00030500991990578,-1.8464534452755e-20,1.3330880074399e-20,3.222924251506e-19,-6.4574280048766e-20,-4.6412684293377e-20,7.714274475945e-20,7.8734244395329e-20,-2.0191532144737e-21,2.4750028833803e-19,5.9110739014827e-20,1.8166097283582e-19,1.3684688388486e-19,1.4675328643099e-19,-9.07055586685e-20,2.9095897593059e-19,2.405894315113e-19,7.8117949986209e-20,-1.4362012662506e-19,8.3773871730666e-20,-2.3524460700493e-19,6.567874886912e-20,-5.6412582614335e-20,1.659145480864e-19,-2.3132846051805e-19,15948184.195962,3977271.8148205,-5.311329552804e-05,0.00035588539081991,7.5583809641188e-05,3.5735400819852e-05,30.022716802915,15.011447114242,26.877682949885
4456254.6906687,0.00023039942075227,5000090479770.1,5000090499843.7,5000090499666.5,5000090499653.8,5000090479673.8,5000090479749.1,5000090479737.8,5000088306462,5000088306402.4,5000088306494.8,5000099797900,5000090479744.2,5000099797964.9,5000099797923.9,5000090499712.5,5000090499820.3,5000090499751.6,5000090479529.6,5000088306473.4,5000088306380.9,5000088306417.3,5000099797971.2,5000099797897,5000099797832.7,3.0046916285235e-12,3.0077306673617e-12,3.0077306909972e-12,3.0077306990259e-12,3.0046916450428e-12,3.004691632474e-12,3.0046916347969e-12,2.9173396952893e-12,2.9173396967969e-12,2.9173396892666e-12,3.3246753670219e-12,3.0046916394934e-12,3.3246753652979e-12,3.3246753717045e-12,3.0077306794626e-12,3.0077306770311e-12,3.007730687264e-12,3.0046916553974e-12,2.9173396896716e-12,2.9173397008937e-12,2.91733969851e-12,3.3246753587053e-12,3.3246753725681e-12,3.3246753825678e-12,0.99999999997427,0.99999977609298,0.00019863668785922,0.00019864197549682,0.00019864197570583,0.00019864197568511,0.00019863668793764,0.00019863668786105,0.00019863668788275,0.00019864565657185,0.00019864565663387,0.0001986456565463,0.00019860562659002,0.00019863668785724,0.00019860562652077,0.00019860562655624,0.0001986419756351,0.00019864197549003,0.00019864197557887,0.00019863668811925,0.00019864565659759,0.00019864565666927,0.00019864565662013,0.00019860562654577,0.00019860562660262,0.00019860562665321,0.00034854948466637,-1.9473113388848e-20,2.3414866712558e-20,3.969301114833e-19,-7.2773886583939e-20,-7.6300322901649e-20,1.077523331401e-19,8.6507311947156e-20,-2.7709567920717e-20,3.1268404354533e-19,7.2838535964189e-20,2.2318074841824e-19,2.0920081304758e-19,1.7188225924825e-19,-1.1339565908685e-19,3.4048105286997e-19,2.8541152034141e-19,8.2753850592731e-20,-1.738285329191e-19,9.5290625858792e-20,-3.1987625256968e-19,7.957625832985e-20,-6.7704765931045e-20,1.9699329545734e-19,-2.7936656343542e-19,15935285.277162,3971718.3125827,-4.9132098088633e-05,0.00040863188992266,8.6598824889819e-05,7.4036968383812e-05,30.022569557524,15.011426507569,26.978553714072
5610092.2715098,0.00028478441092582,5000100749348.1,5000100799314.9,5000100799054.9,5000100799031.4,5000100749189.7,5000100749303.1,5000100749295.3,5000098306425.3,5000098306330.8,5000098306482.5,5000111138684.5,5000100749286.9,5000111138787.4,5000111138717.9,5000100799120.3,5000100799267.6,5000100799170.5,5000100748989.8,5000098306461.7,5000098306305.5,5000098306362.6,5000111138808.2,5000111138687.7,5000111138583.1,2.9632775322631e-12,2.9745487294305e-12,2.9745487645461e-12,2.974548775201e-12,2.9632775579567e-12,2.9632775388553e-12,2.9632775418202e-12,2.8915522327781e-12,2.891552234729e-12,2.891552223206e-12,3.2718552822456e-12,2.9632775497566e-12,3.271855279311e-12,3.2718552892385e-12,2.9745487468875e-12,2.9745487445205e-12,2.9745487593251e-12,2.9632775728426e-12,2.8915522221021e-12,2.8915522412007e-12,2.8915522373013e-12,3.2718552691074e-12,3.2718552888793e-12,3.2718553056565e-12,0.99999999997685,0.99999972646826,0.00022278381304481,0.00022278986629306,0.00022278986659862,0.00022278986658589,0.00022278381317936,0.00022278381306099,0.00022278381308711,0.00022279689623389,0.00022279689632999,0.00022279689618846,0.00022273869082117,0.00022278381306174,0.00022273869071498,0.0002227386907748,0.00022278986650318,0.00022278986630173,0.00022278986642713,0.00022278381343719,0.00022279689624929,0.0002227968963759,0.00022279689630589,0.00022273869073428,0.00022273869083377,0.00022273869092178,0.00040221208744098,-2.0911875333925e-20,4.1502783835189e-20,5.2175824456731e-19,-7.8489782572395e-20,-1.1871716265994e-19,1.6409180043522e-19,1.0088950517726e-19,-6.0389350386013e-20,4.0507192239689e-19,1.0451701334233e-19,2.9046848488526e-19,3.2870654870086e-19,2.154572930721e-19,-1.4727550634191e-19,4.2760132781961e-19,3.5726759578125e-19,9.692353007038e-20,-2.1874325752688e-19,1.1182887587025e-19,-4.3424612275331e-19,1.0265390816235e-19,-8.9007797801793e-20,2.4018347118934e-19,-3.5672421248932e-19,15919219.780642,3964839.7626899,-4.3511679350117e-05,0.00047271885524428,0.00010110251023379,0.00014860569065676,30.022330709978,15.011435972088,27.160474615972
7062687.7231137,0.00035147988089274,5000112074581,5000112192591.4,5000112192185.2,5000112192153.8,5000112074309.6,5000112074486.8,5000112074493.1,5000109397926.9,5000109397771.6,5000109398030.2,5000123608055,5000112074443.5,5000123608228.6,5000123608103.7,5000112192290.9,5000112192502.7,5000112192351.3,5000112074020.8,5000109398014,5000109397743.2,5000109397837.4,5000123608276.6,5000123608072.7,5000123607896.7,2.9222395733225e-12,2.9426319812956e-12,2.9426320374635e-12,2.9426320510852e-12,2.9222396159644e-12,2.9222395850677e-12,2.9222395886949e-12,2.8690203416115e-12,2.8690203438133e-12,2.8690203259723e-12,3.2159915506056e-12,2.9222396033407e-12,3.2159915457756e-12,3.2159915624665e-12,2.9426320079867e-12,2.942632005825e-12,2.9426320296321e-12,2.9222396386992e-12,2.8690203212403e-12,2.8690203545122e-12,2.8690203483431e-12,3.2159915287474e-12,3.2159915588408e-12,3.2159915886571e-12,0.99999999998181,0.999999641822,0.00024987141558968,0.00024987809738423,0.00024987809784792,0.00024987809784851,0.00024987141582621,0.00024987141563859,0.00024987141566543,0.00024989000026622,0.00024989000042179,0.00024989000018263,0.00024980659158385,0.00024987141565331,0.00024980659141222,0.0002498065915181,0.00024987809771176,0.00024987809742513,0.00024987809760917,0.00024987141620041,0.0002498900002526,0.00024989000048087,0.00024989000037433,0.0002498065914156,0.00024980659159152,0.00024980659174644,0.00046823639859828,-1.9957526080427e-20,7.6915477689896e-20,7.4158663215227e-19,-7.0140419826632e-20,-1.8079178412275e-19,2.669966601776e-19,1.2773260360829e-19,-1.0736965041476e-19,5.3295188854469e-19,1.7411818862261e-19,3.9675133345209e-19,5.3556147343325e-19,2.9695980411195e-19,-2.0060361904202e-19,5.8316346203222e-19,4.7913200271083e-19,1.3724932949734e-19,-2.9043934563143e-19,1.3342882802786e-19,-5.9598388641583e-19,1.4476947388957e-19,-1.2916351824396e-19,2.9731979850948e-19,-4.9344774903718e-19,15899217.585948,3956325.8728787,-3.5690100285029e-05,0.00055032036243839,0.00012036817190572,0.00029021725524183,30.02195521046,15.011510559641,27.453016129239
8891397.0501945,0.00043318199160204,5000124561361.6,5000124789487.5,5000124788796.1,5000124788774.3,5000124560867.8,5000124561161.1,5000124561209.2,5000121704443.8,5000121704178,5000121704638.8,5000137296757.2,5000124561053,5000137297071.9,5000137296830.2,5000124788995.1,5000124789323.5,5000124789048.5,5000124560422.3,5000121704638.7,5000121704150.9,5000121704310.3,5000137297177.8,5000137296807.1,5000137296493.7,2.8857279578428e-12,2.9119750707957e-12,2.9119751691998e-12,2.91197518542e-12,2.8857280348275e-12,2.8857279803501e-12,2.8857279844195e-12,2.8505338013133e-12,2.8505338031167e-12,2.8505337748585e-12,3.1604832415656e-12,2.8857280134323e-12,3.1604832336452e-12,3.1604832646113e-12,2.9119751149056e-12,2.9119751127902e-12,2.9119751572747e-12,2.8857280729696e-12,2.8505337612938e-12,2.8505338214132e-12,2.8505338125422e-12,3.1604832019257e-12,3.1604832528769e-12,3.1604833098323e-12,0.99999999994526,0.99999949021778,0.0002802529757701,0.00028025979610998,0.00028025979685372,0.00028025979686906,0.00028025297620215,0.00028025297589385,0.00028025297590756,0.00028027854704926,0.00028027854731253,0.00028027854688931,0.0002801608168685,0.00028025297594726,0.00028016081657283,0.00028016081677212,0.00028025979663977,0.00028025979621582,0.00028025979650737,0.00028025297676427,0.00028027854696396,0.00028027854738687,0.00028027854721414,0.00028016081653763,0.00028016081685907,0.00028016081713961,0.00054939003570833,-2.4603039248732e-21,1.5378782714597e-19,1.1597223148433e-18,-1.3598791516058e-20,-2.7167321324919e-19,4.4911772311871e-19,1.8024916766898e-19,-1.9028390368867e-19,6.8927840711139e-19,3.2777939139849e-19,5.4893746540075e-19,9.1184276533025e-19,4.6522662917912e-19,-2.8923860681448e-19,8.6824132230814e-19,6.968340654719e-19,2.4229503659015e-19,-4.082770540774e-19,1.5276467175638e-19,-8.3701445417315e-19,2.3483647918448e-19,-2.064946158709e-19,3.5324294602704e-19,-7.64487613045e-19,15874322.854144,3945793.8799857,-2.4929253813844e-05,0.00064398817996737,0.00014614309007195,0.0023793753921729,30.024906068778,15.012935774469,27.897376334698
7924465.9623055,0.00039023484349824,5000118145252.6,5000118313814.8,5000118313289.8,5000118313259.7,5000118144888.7,5000118145115.1,5000118145137.3,5000115372235.9,5000115372033.7,5000115372377.4,5000130271249.8,5000118145046,5000130271481.9,5000130271309.4,5000118313432.7,5000118313693.9,5000118313493.6,5000118144533.1,5000115372367,5000115372004.8,5000115372127.3,5000130271553.3,5000130271280.7,5000130271047.3,2.901347164849e-12,2.925489362033e-12,2.9254894376964e-12,2.9254894529089e-12,2.901347223326e-12,2.9013471815448e-12,2.9013471854704e-12,2.8579819972226e-12,2.8579819992835e-12,2.8579819764162e-12,3.1853594320854e-12,2.9013472067174e-12,3.185359425782e-12,3.1853594489952e-12,2.9254893968766e-12,2.9254893948387e-12,2.9254894278105e-12,2.9013472531839e-12,2.857981967752e-12,2.8579820136597e-12,2.8579820059972e-12,3.185359402116e-12,3.1853594417335e-12,3.1853594840194e-12,1.0000000000084,0.9999995701377,0.00026458512444404,0.0002645919583838,0.00026459195896739,0.00026459195897575,0.00026458512476284,0.00026458512452317,0.00026458512454609,0.0002646070135775,0.00026460701377919,0.00026460701346206,0.00026450770383545,0.00026458512455285,0.00026450770361152,0.00026450770375608,0.00026459195879885,0.00026459195845191,0.00026459195868116,0.00026458512521962,0.0002646070135353,0.00026460701384574,0.00026460701371078,0.0002645077035995,0.00026450770383667,0.00026450770404474,0.00050669198575395,-1.4425825140676e-20,1.1113923173108e-19,9.3567762874439e-19,-4.9043986950659e-20,-2.2666802266564e-19,3.5466218760978e-19,1.519057328957e-19,-1.4598318986676e-19,6.1762890359669e-19,2.4311583922775e-19,4.7520309463708e-19,7.130325547425e-19,3.7327552306584e-19,-2.4348792499783e-19,7.1774274598633e-19,5.8222977596467e-19,1.8282092755655e-19,-3.4788962188841e-19,1.4553991473347e-19,-7.1576379143546e-19,1.8475431468995e-19,-1.6511047681868e-19,3.3117023064801e-19,-6.1751483102425e-19,15887453.854331,3951341.773269,-3.0724875618445e-05,0.00059492720784963,0.00013232464872773,0.00081019622905093,30.023031763793,15.01170721625,27.652382212708
8891397.0501945,0.00043312227858933,5000124521713,5000124749725.4,5000124749030.4,5000124749009.3,5000124521216.4,5000124521511.1,5000124521559.9,5000121666787,5000121666520.1,5000121666983.1,5000137251513.2,5000124521401.9,5000137251829.7,5000137251586.4,5000124749231.1,5000124749560.6,5000124749283.5,5000124520769.5,5000121666983.3,5000121666493.3,5000121666653.1,5000137251936.5,5000137251563.6,5000137251248.6,2.8839349642667e-12,2.9101940563349e-12,2.9101941583166e-12,2.9101941746133e-12,2.8839350442025e-12,2.8839349877165e-12,2.8839349917679e-12,2.8494692132079e-12,2.8494692149944e-12,2.8494691859188e-12,3.1575158491318e-12,2.8839350220508e-12,3.1575158409399e-12,3.1575158731794e-12,2.9101941018487e-12,2.9101940997136e-12,2.910194146164e-12,2.8839350836458e-12,2.8494691715355e-12,2.8494692338345e-12,2.8494692248359e-12,3.1575158078946e-12,3.1575158607099e-12,3.1575159199852e-12,0.99999999991129,0.99999948027513,0.0002801694866353,0.00028017629189907,0.00028017629264627,0.00028017629266126,0.00028016948707014,0.00028016948676049,0.00028016948677352,0.00028019504928002,0.00028019504954455,0.00028019504911891,0.000280077272659,0.00028016948681487,0.00028007727236159,0.00028007727256243,0.00028017629243101,0.00028017629200583,0.00028017629229907,0.00028016948763392,0.00028019504919323,0.00028019504961877,0.00028019504944532,0.00028007727232557,0.00028007727264913,0.00028007727293138,0.00054931803220427,-2.2924004848583e-22,1.597405960754e-19,1.1890348995859e-18,-7.9604067994618e-21,-2.7727363690825e-19,4.598147817645e-19,1.8384101882741e-19,-1.9683627684709e-19,6.9494723933396e-19,3.3882716756119e-19,5.5565215774642e-19,9.3697414449276e-19,4.7758379822236e-19,-2.9549421556917e-19,8.8624317773958e-19,7.1103278647574e-19,2.5010574969507e-19,-4.1587568599704e-19,1.5288876847569e-19,-8.5122202690889e-19,2.4227409151332e-19,-2.1166976714901e-19,3.5455834313839e-19,-7.8486844959041e-19,15874330.987281,3945798.8831444,-2.49162547976e-05,0.00064389155860792,0.00014617361747328,0.0010399724652533,30.023048025684,15.011804827836,27.895012860947
9976311.5748443,0.00048057748677752,5000131221466.6,5000131515049.9,5000131514104.3,5000131514106.4,5000131220774.4,5000131221167.4,5000131221260.6,5000128300106.5,5000128299746.5,5000128300382.6,5000144562038.6,5000131220996.1,5000144562481.9,5000144562130.1,5000131514397.5,5000131514824.8,5000131514421.3,5000131220198.4,5000128300400.9,5000128299728.6,5000128299937.2,5000144562644.4,5000144562118.4,5000144561684.7,2.8686229285457e-12,2.8950341108003e-12,2.8950342521836e-12,2.8950342689535e-12,2.8686230409241e-12,2.8686229621669e-12,2.86862296602e-12,2.8418774309727e-12,2.8418774330101e-12,2.8418773946803e-12,3.1301140919838e-12,2.8686230098912e-12,3.1301140804309e-12,3.1301141266448e-12,2.8950341717797e-12,2.8950341690796e-12,2.8950342377144e-12,2.8686230948116e-12,2.8418773713606e-12,2.8418774572324e-12,2.8418774471942e-12,3.1301140325841e-12,3.1301141064596e-12,3.1301141910676e-12,0.99999999992762,0.99999935521868,0.0002966750421888,0.00029668157498921,0.00029668157596573,0.00029668157598306,0.0002966750427907,0.00029667504238482,0.00029667504237748,0.00029670463559215,0.00029670463594384,0.00029670463536461,0.00029656550904902,0.00029667504247964,0.00029656550864587,0.0002965655089306,0.00029668157568038,0.00029668157515099,0.00029668157553944,0.0002966750434965,0.00029670463543578,0.00029670463602473,0.00029670463579909,0.00029656550857196,0.00029656550902084,0.00029656550940875,0.00059656923803137,3.3115140189642e-20,2.3789861496684e-19,1.5549649684906e-18,7.1070542578297e-20,-3.3679566190619e-19,5.922839025815e-19,2.3120735766842e-19,-2.7600128136041e-19,7.476571295772e-19,4.8341391657423e-19,6.2822387047507e-19,1.2483110639735e-18,6.3472758778502e-19,-3.6650278589453e-19,1.1138655491943e-18,8.892003203273e-19,3.5680218889622e-19,-5.0399643216983e-19,1.4928600323195e-19,-1.0163981734906e-18,3.378612421531e-19,-2.7709780128665e-19,3.5085440118143e-19,-1.0377043650253e-18,15859692.286894,3939634.5551191,-1.8127173142953e-05,0.00069760072523751,0.00016223426200645,0.0013224570725737,30.023056300909,15.011928681681,28.188183314266
11193605.692842,0.00053308668344095,5000138263188.9,5000138624907.9,5000138623581.8,5000138623630.9,5000138262198.7,5000138262740.3,5000138262907.8,5000135289791.6,5000135289286.5,5000135290188.2,5000152215670.1,5000138262472.5,5000152216316.3,5000152215792.3,5000138624026.6,5000138624599,5000138623979.1,5000138261433.8,5000135290236.3,5000135289296.5,5000135289569.2,5000152216570,5000152215796.5,5000152215188.3,2.854933843156e-12,2.8805586197572e-12,2.880558821968e-12,2.8805588382402e-12,2.8549340065591e-12,2.8549338925109e-12,2.8549338953482e-12,2.8351154663116e-12,2.8351154718731e-12,2.8351154170463e-12,3.1024940124271e-12,2.8549339602332e-12,3.1024939927241e-12,3.1024940614759e-12,2.8805587038336e-12,2.8805586993664e-12,2.880558806116e-12,2.8549340829555e-12,2.8351153799092e-12,2.8351155008367e-12,2.8351154905014e-12,3.1024939208158e-12,3.1024940309386e-12,3.102494153319e-12,0.99999999992032,0.9999991797858,0.00031415517131,0.00031416112825398,0.0003141611295618,0.0003141611295713,0.00031415517215848,0.00031415517161612,0.00031415517157015,0.00031418913479998,0.00031418913527649,0.00031418913447405,0.00031402543559972,0.00031415517177696,0.00031402543503917,0.00031402543545253,0.00031416112916708,0.00031416112849452,0.00031416112903247,0.00031415517305834,0.00031418913453442,0.00031418913535945,0.00031418913506298,0.00031402543490395,0.00031402543554164,0.00031402543608322,0.00064895445278291,1.0679597817292e-19,3.7046883801089e-19,2.0986797347477e-18,2.2218842822121e-19,-4.0140234596596e-19,7.4942345665038e-19,3.0396469387891e-19,-4.0944383115131e-19,7.0511319004584e-19,7.0417692239757e-19,6.378244598975e-19,1.6896912731059e-18,8.7543841085636e-19,-4.6930347902816e-19,1.4207594615966e-18,1.1413750172966e-18,5.294650366745e-19,-6.1623709181777e-19,1.1642723135808e-19,-1.2081658800106e-18,5.0830863035662e-19,-3.6872426813936e-19,2.6727503948189e-19,-1.4348019607889e-18,15843365.414014,3932779.8593426,-1.0202534784739e-05,0.00075647041356608,0.00018087299273437,0.0016921906422743,30.023072801158,15.012105371876,28.540837210301
12559432.157548,0.00059119727341842,5000145667045.8,5000146096323.9,5000146094401,5000146094536.5,5000145665582,5000145666362.3,5000145666657.9,5000142655914.2,5000142655153.7,5000142656501,5000160224519,5000145665944.4,5000160225522.6,5000160224712.7,5000146095102.1,5000146095898.3,5000146094891.5,5000145664532.1,5000142656593.1,5000142655247.3,5000142655605,5000160225930.4,5000160224726,5000160223865.5,2.8441214733174e-12,2.8670294460789e-12,2.8670297454002e-12,2.8670297598476e-12,2.84412172132e-12,2.844121547874e-12,2.8441215475167e-12,2.8299602887922e-12,2.829960311006e-12,2.829960219465e-12,3.0752161586033e-12,2.8441216463914e-12,3.0752161145996e-12,3.0752162215249e-12,2.8670295657914e-12,2.8670295564581e-12,2.8670297317761e-12,2.8441218337685e-12,2.8299601618966e-12,2.829960337421e-12,2.829960327789e-12,3.0752160026524e-12,3.0752161810493e-12,3.0752163580615e-12,0.99999999989429,0.99999891635382,0.00033266622896006,0.00033267124949769,0.0003326712513002,0.00033267125128137,0.00033266623018391,0.00033266622943991,0.00033266622932293,0.0003327048753916,0.00033270487605744,0.00033270487491619,0.00033251302921319,0.00033266622970842,0.00033251302840554,0.00033251302902308,0.00033267125072816,0.00033267124985163,0.00033267125063772,0.00033266623135782,0.00033270487495301,0.00033270487612684,0.00033270487573403,0.00033251302816825,0.00033251302910541,0.00033251302987396,0.00070705217571897,2.6852934303564e-19,6.1165771759595e-19,2.9388430359807e-18,5.1701693153352e-19,-4.5626716182278e-19,9.0782175106921e-19,4.1879127787808e-19,-6.5292248661032e-19,3.6710500599028e-19,1.0463281211059e-18,4.1828750289067e-19,2.3334271520585e-18,1.2508715591583e-18,-6.2749187221208e-19,1.8298890784591e-18,1.5084286095955e-18,8.1719041951562e-19,-7.5277102628342e-19,7.0712577200838e-21,-1.3970911448796e-18,8.367044641497e-19,-4.9656877175365e-19,-3.7275966599654e-20,-2.0877848538584e-18,15825158.372197,3925157.7574805,-9.6152524106301e-07,0.00082095495664686,0.00020251598164488,0.0021884239385322,30.023112889908,15.01236608244,28.964589604115
14091914.656322,0.00065553542469788,5000153457859.8,5000153947396.8,5000153944504.7,5000153944788.1,5000153455600.7,5000153456795.7,5000153457324,5000150420690.4,5000150419401.8,5000150421598.5,5000168603125.6,5000153456144.5,5000168604849.5,5000168603537.9,5000153945654.1,5000153946812.7,5000153945079.8,5000153454109.6,5000150421739.9,5000150419747.9,5000150420224.3,5000168605523.6,5000168603495.9,5000168602300.6,2.8368918655867e-12,2.8550613305453e-12,2.8550617904917e-12,2.855061802501e-12,2.8368922638205e-12,2.8368919823183e-12,2.8368919725849e-12,2.8271151977278e-12,2.827115283668e-12,2.8271150935242e-12,3.0488777372053e-12,2.836892130197e-12,3.0488776137686e-12,3.0488777895713e-12,2.8550615063685e-12,2.8550614849878e-12,2.8550617902499e-12,2.8368924348573e-12,2.827115009485e-12,2.8271152757829e-12,2.8271152662854e-12,3.0488774339062e-12,3.0488777557698e-12,3.0488780031018e-12,0.99999999992532,0.99999849938956,0.00035226766779211,0.00035227135397495,0.00035227135654347,0.00035227135645836,0.00035226766961053,0.0003522676685515,0.00035226766830375,0.00035231128253264,0.00035231128351588,0.0003523112818212,0.00035208736279468,0.00035226766899552,0.00035208736156436,0.00035208736252033,0.00035227135567239,0.00035227135449262,0.00035227135571492,0.00035226767118529,0.00035231128181626,0.00035231128352123,0.00035231128299615,0.00035208736115196,0.00035208736259865,0.00035208736370181,0.0007715286918057,6.3486155089412e-19,1.0865789957759e-18,4.3103650136032e-18,1.1190194393124e-18,-4.6303302885412e-19,9.7806557202271e-19,6.0940733639869e-19,-1.1394008496718e-18,-8.5312733619297e-19,1.591099075623e-18,-5.4642130258129e-19,3.3176977052753e-18,1.8473050812006e-18,-8.8989901289733e-19,2.3585932134411e-18,2.0564363695148e-18,1.3102740905036e-18,-9.1269063102909e-19,-3.133534380846e-19,-1.4609113310541e-18,1.5248319686112e-18,-6.6609675130975e-19,-9.6151020383037e-19,-3.228220786651e-18,15804854.974573,3916680.7750437,9.814221363576e-06,0.00089155321670109,0.00022766727568877,0.0028554682737889,30.023193349557,15.012737829843,29.474006256748
15811388.300842,0.00072682694324289,5000161661049.5,5000162198947.8,5000162194418.2,5000162194937.4,5000161657349.8,5000161659341.3,5000161660327.9,5000158609946.2,5000158607352.2,5000158611447.5,5000177365805.5,5000161658329.7,5000177369242.9,5000177366985.9,5000162196387.6,5000162198169.4,5000162194989.8,5000161655169.5,5000158611583.6,5000158608497.8,5000158609159,5000177370380.3,5000177366589.4,5000177365092,2.8326683403353e-12,2.8455989343205e-12,2.8455996698529e-12,2.8455996838866e-12,2.83266903082e-12,2.8326685324978e-12,2.8326684942893e-12,2.8277527899082e-12,2.8277531079975e-12,2.8277526156538e-12,3.0241725522779e-12,2.8326687634877e-12,3.0241721557306e-12,3.0241724661849e-12,2.8455991993929e-12,2.8455991473746e-12,2.8455997156578e-12,2.8326692957981e-12,2.8277525121878e-12,2.827752943703e-12,2.8277529236569e-12,3.0241718595868e-12,3.024172523535e-12,3.0241728215127e-12,0.99999999976391,0.99999778777747,0.00037302216067275,0.00037302411108307,0.00037302411488622,0.00037302411466956,0.00037302216348504,0.00037302216189425,0.00037302216139802,0.00037307100282073,0.00037307100442549,0.0003730710017142,0.00037281074690341,0.00037302216262476,0.00037281074484769,0.00037281074639671,0.00037302411348881,0.00037302411183424,0.00037302411387223,0.00037302216566545,0.00037307100165287,0.00037307100420067,0.00037307100348862,0.00037281074412714,0.00037281074652712,0.00037281074809797,0.00084316352790198,1.5128598425126e-18,2.1188394360533e-18,6.7088447414511e-18,2.4389157109356e-18,-3.0691213659976e-19,6.6947844487923e-19,9.5097295741922e-19,-2.2141672084453e-18,-4.7735748763843e-18,2.5136047800684e-18,-3.9310989264146e-18,4.9114961838981e-18,2.805877064182e-18,-1.3648998929083e-18,2.9726736070165e-18,2.9004009904455e-18,2.1934573318508e-18,-1.0906055936479e-18,-1.2559864254981e-18,-9.7675014339599e-19,3.127579803337e-18,-8.4059425812828e-19,-3.6976972703022e-18,-5.3428607226171e-18,15782214.50117,3907250.5503907,2.2384377416109e-05,0.00096882554297961,0.00025690535766646,0.0038529707778411,30.023434444554,15.013360937664,30.089034063979
17740669.461679,0.00080593709841686,5000170303141.6,5000170875271.8,5000170867863.1,5000170868702.4,5000170296569.9,5000170300260.2,5000170302276.2,5000167255032.1,5000167248593.6,5000167257746.3,5000186531155.1,5000170298726.7,5000186539454.8,5000186535256.6,5000170871409.7,5000170874351.2,5000170868082.3,5000170293345.9,5000167257545.4,5000167252460,5000167253475.1,5000186541370.7,5000186533281.6,5000186532196.7,2.8321176332672e-12,2.8400757698736e-12,2.8400769926789e-12,2.8400770345449e-12,2.832118960541e-12,2.8321179757322e-12,2.8321178416473e-12,2.8333256787811e-12,2.8333268636205e-12,2.833325342248e-12,3.0040768710117e-12,2.8321183536273e-12,3.0040754751778e-12,3.0040760766192e-12,2.8400761727135e-12,2.84007603623e-12,2.8400771791908e-12,2.8321193595689e-12,2.8333252963804e-12,2.8333260663752e-12,2.8333259781126e-12,3.0040749868204e-12,3.0040765838008e-12,3.0040767139765e-12,1.0000000004099,0.99999645299636,0.00039499573293073,0.00039499557180632,0.00039499557768847,0.0003949955772406,0.00039499573753234,0.00039499573494823,0.00039499573394543,0.0003950500096905,0.00039505001278564,0.00039505000786617,0.00039474886868941,0.00039499573614333,0.00039474886470201,0.00039474886736767,0.00039499557531849,0.00039499557287048,0.00039499557654335,0.00039499574064683,0.00039505000778991,0.00039505001175268,0.00039505001075551,0.00039474886343301,0.00039474886784998,0.00039474886993088,0.00092289634155769,3.8040480410996e-18,4.6331099471617e-18,1.129755777511e-17,5.5368551462596e-18,3.4146856330487e-19,-1.0016305436774e-18,1.6289282990561e-18,-4.8211907667327e-18,-1.7517149949611e-17,4.2517740868607e-18,-1.5580867780185e-17,7.6847511799907e-18,4.3961177477951e-18,-2.33416870429e-18,3.4231232174884e-18,4.2590507222337e-18,3.8074109503025e-18,-1.2608151315424e-18,-4.2103218374632e-18,1.5450662612413e-18,7.3021908295623e-18,-7.381208172438e-19,-1.2028484077098e-17,-9.5498578587359e-18,15756961.468983,3896753.6937922,3.706663015183e-05,0.0010534333557893,0.00029089070797389,0.0049276260005153,30.024520424457,15.013645223809,30.837181321281
19905358.527675,0.00089390794081135,5000179414141.5,5000180007211.8,5000179994575.6,5000179995618.2,5000179401150.1,5000179408836.3,5000179413647.4,5000176391007.3,5000176371322.4,5000176396517.2,5000196119647.5,5000179406782.7,5000196144248.5,5000196135647,5000180001318,5000180006669.8,5000179993259.3,5000179396633.6,5000176394412.1,5000176385309.8,5000176387242.1,5000196147249.2,5000196127128.5,5000196130391.7,2.8372055580727e-12,2.8404545966156e-12,2.8404566766752e-12,2.8404568594205e-12,2.8372084647949e-12,2.8372062570642e-12,2.8372057514662e-12,2.8452485307945e-12,2.8452531803911e-12,2.8452477566391e-12,2.9899874774638e-12,2.8372068903289e-12,2.9899821179089e-12,2.989983431899e-12,2.840455172234e-12,2.8404547719583e-12,2.8404572884036e-12,2.8372089537994e-12,2.8452481862617e-12,2.8452497582887e-12,2.8452493321591e-12,2.9899813781333e-12,2.9899858849136e-12,2.9899846768137e-12,0.99999999971236,0.99999359365129,0.00041825788943833,0.00041825528527002,0.0004182552948139,0.00041825529403219,0.00041825789759857,0.00041825789292672,0.00041825789074844,0.00041831770465127,0.0004183177121835,0.00041831770137469,0.00041797089318669,0.00041825789483753,0.00041797088363394,0.00041797088860184,0.00041825529054551,0.00041825528665229,0.00041825529386918,0.00041825790212312,0.00041831770163443,0.00041831770816051,0.000418317706645,0.00041797088141864,0.00041797089078343,0.00041797089268396,0.0010118631549976,1.0477255501593e-17,1.1646815394056e-17,2.1135847888154e-17,1.3498374979441e-17,2.4431407520863e-18,-7.6327686110716e-18,3.1749169804448e-18,-1.1819859410692e-17,-6.1537837456299e-17,8.0126757570096e-18,-5.7715891177287e-17,1.2955303759099e-17,7.2128599796721e-18,-4.6961539189011e-18,2.5921607153958e-18,6.5648906128628e-18,6.765714152044e-18,-1.4211034569283e-18,-1.4306299571756e-17,1.163401661135e-17,1.9514295157545e-17,1.0300848441493e-18,-3.8952793054477e-17,-1.8812133223158e-17,15728775.873374,3885057.0771379,5.425530180153e-05,0.0011461387771421,0.00033042555025938,0.0061349529624484,30.024730796298,15.014160051412,31.754242042623
22334179.607548,0.00099201515642954,5000189033517.4,5000189626591.8,5000189604604.2,5000189604489,5000189004153.3,5000189022069.3,5000189036322.5,5000186059494,5000185987896.6,5000186072458.9,5000206126397.8,5000189021022.9,5000206213910.8,5000206194191.5,5000189617930.2,5000189629266.4,5000189597763.8,5000188999791,5000186061052.1,5000186043181.6,5000186048132.3,5000206217009,5000206158414.1,5000206184492,2.8526474893423e-12,2.8472976061791e-12,2.8473009530385e-12,2.8473017734247e-12,2.8526548995969e-12,2.8526492614971e-12,2.8526471091453e-12,2.8666986456252e-12,2.8667183219902e-12,2.8666964912665e-12,2.9826787070521e-12,2.8526502025309e-12,2.9826561819781e-12,2.9826594795673e-12,2.8472981435344e-12,2.8472967558948e-12,2.8473029112223e-12,2.8526547963904e-12,2.8666995106888e-12,2.8667032719278e-12,2.8667013014454e-12,2.9826555553623e-12,2.9826703513815e-12,2.9826621630067e-12,0.9999999995831,0.99998648512189,0.00044288170068195,0.0004428763928154,0.00044287640903531,0.00044287640807359,0.00044288171688094,0.00044288170725793,0.00044288170175098,0.00044294699194059,0.0004429470154634,0.00044294698529457,0.00044254957578107,0.0004428817099943,0.00044254954669178,0.00044254955694989,0.00044287640086473,0.00044287639397879,0.00044287640960517,0.00044288172316258,0.00044294698778527,0.00044294699941691,0.0004429469966308,0.00044254954312768,0.00044254956674265,0.00044254956390528,0.0011114701124603,3.2303069364711e-17,3.4325076063636e-17,4.5052122811644e-17,3.6027908133313e-17,8.6590349848624e-18,-3.337984831844e-17,7.3626832095575e-18,-3.3150863865957e-17,-2.2514213528949e-16,1.7560214091707e-17,-2.2027880961248e-16,2.3939267801027e-17,1.2863488428121e-17,-1.1701647732818e-17,-4.2311850021434e-18,1.0670504336476e-17,1.1357511372976e-17,-2.4107336443209e-18,-5.2611205781673e-17,5.0320335686188e-17,6.0360021483665e-17,1.1142952176564e-17,-1.3153328782505e-16,-4.1653004546063e-17,15697281.122864,3872002.9064009,7.4435099517673e-05,0.001247854365003,0.00037649974879036,0.0090201143780069,30.025782577823,15.016331652352,32.888526022648
25059361.681364,0.0011018568908904,5000199204430.4,5000199754732.5,5000199719478.9,5000199710354.9,5000199126421.7,5000199172666.7,5000199225561.8,5000196297155.2,5000196003933.2,5000196333762.8,5000216424023.1,5000199183597.5,5000216781639.8,5000216730371.7,5000199744667.6,5000199775148.6,5000199693093.6,5000199135035.9,5000196276414.1,5000196240585.3,5000196254289,5000216774156.1,5000216578896.5,5000216710908.2,2.8823710869739e-12,2.8622937518561e-12,2.8622967693433e-12,2.8623005803148e-12,2.8823935188419e-12,2.8823770125733e-12,2.8823667552056e-12,2.8996226506471e-12,2.89971192593e-12,2.8996153434068e-12,2.9866112712213e-12,2.8823772420641e-12,2.986508897646e-12,2.9865185008624e-12,2.8622923609685e-12,2.8622864795034e-12,2.8623033392093e-12,2.8823881479029e-12,2.8996320360162e-12,2.8996419849701e-12,2.8996337339871e-12,2.9865118312423e-12,2.9865664013274e-12,2.9865250630531e-12,0.99999999728842,0.99996602436384,0.00046894379063972,0.00046893573533513,0.00046893576344107,0.00046893576417508,0.00046894382804242,0.00046894380527637,0.00046894378784474,0.00046901427741469,0.00046901436735857,0.00046901426147991,0.00046856141367982,0.00046894380709429,0.00046856130423312,0.0004685613282415,0.00046893574719627,0.0004689357326799,0.00046893577039616,0.00046894383396898,0.00046901427604479,0.00046901429860249,0.00046901429191791,0.00046856130072352,0.00046856137199992,0.00046856134111505,0.0012234629346135,1.1191086687931e-16,1.1779628105661e-16,1.1095033005191e-16,1.0740710051943e-16,2.6319862237473e-17,-1.3858318689572e-16,2.0822126488001e-17,-1.0813077376802e-16,-8.5890766718516e-16,4.6467328379108e-17,-8.8026369499256e-16,4.8681925188144e-17,2.6448988584564e-17,-3.6185032106707e-17,-3.6627707222018e-17,1.7361988015617e-17,1.2730161520369e-17,-1.0734137806551e-17,-2.1139986716442e-16,1.9684541924702e-16,2.1888479818966e-16,6.2319585833623e-17,-4.6152863506435e-16,-1.046567823583e-16,15662023.215384,3857401.3143559,9.8228304809478e-05,0.0013596751968066,0.00043031274360895,0.0098192460101056,30.02473036678,15.016051936948,34.296603488202
28117066.259517,0.0012254658438754,5000209917524,5000210341813.5,5000210314540.4,5000210253801.9,5000209663556.1,5000209800334.8,5000210031909.6,5000207071464,5000205824942.8,5000207198029,5000226320965,5000209886061.8,5000227884954.5,5000227732706.2,5000210343931.7,5000210454035.1,5000210215227.3,5000209766158.5,5000206912490,5000206866807.7,5000206871789.9,5000227798707.5,5000227109032.1,5000227689684.3,2.9301365169469e-12,2.8870643704112e-12,2.8870480298367e-12,2.8870671633296e-12,2.9302194630897e-12,2.9301620839951e-12,2.9301092232176e-12,2.9451318521137e-12,2.9455385970956e-12,2.9451019197975e-12,3.006797636217e-12,2.9301527717487e-12,3.0063211223599e-12,3.0063535749551e-12,2.8870498012331e-12,2.8870201280281e-12,2.8870722024739e-12,2.9301796989184e-12,2.9451897255971e-12,2.9452120260417e-12,2.945189553615e-12,3.0063497914707e-12,3.0065563887944e-12,3.0063720860771e-12,0.99999999824953,0.99990211875903,0.00049652428665635,0.00049651396722321,0.0004965140109272,0.00049651402504451,0.00049652439165547,0.00049652432931843,0.00049652425982193,0.0004965994852951,0.00049659987071785,0.00049659943805123,0.00049608679771796,0.00049652431603472,0.00049608632434282,0.00049608638921126,0.00049651398090793,0.00049651394039089,0.0004965140429156,0.00049652437747737,0.00049659951658021,0.00049659955933581,0.00049659954426495,0.00049608633665052,0.00049608658322739,0.00049608641555445,0.0013500776417947,4.2095759007554e-16,4.5106771601416e-16,3.1726494831206e-16,3.6340057817899e-16,6.919496147064e-17,-5.8545231047395e-16,7.2035097981967e-17,-4.111798560546e-16,-3.1520248729578e-15,1.4977594377628e-16,-3.409474295352e-15,1.0579777980928e-16,6.7434107197412e-17,-1.3875678517075e-16,-1.6968186833344e-16,1.8621399025984e-17,-2.9441898639989e-17,-6.7798536873241e-17,-8.6659617532787e-16,7.1073407698494e-16,9.2942039982949e-16,3.0113665515509e-16,-1.5246357862702e-15,-3.031129406437e-16,15622444.853386,3841027.6707637,0.0001264751794044,0.0014829969179802,0.00049338849214001,0.021085549129038,30.033404729899,15.02575097946,36.041183611514
30651277.641154,0.0013286690535601,5000218150775.7,5000218367344.7,5000218453765.7,5000218228164.1,5000217418764.6,5000217790126.1,5000218533366,5000215295541.1,5000211828595.6,5000215659717.6,5000231961368.7,5000218105041.8,5000236546097.4,5000236168544.6,5000218408912.2,5000218751195.7,5000218176006.7,5000217852980.9,5000214760769.8,5000214826447.2,5000214575868.6,5000236211205.3,5000234533778.3,5000236084715,2.9806506102212e-12,2.9148472209609e-12,2.9147549110857e-12,2.9148227704541e-12,2.9809145895709e-12,2.9807373053773e-12,2.980556337716e-12,2.9894311690626e-12,2.9905829657872e-12,2.9893353056864e-12,3.0331640488446e-12,2.9806977849448e-12,3.0317589251959e-12,3.031847717784e-12,2.914797402734e-12,2.9146912888923e-12,2.914824038675e-12,2.980752641947e-12,2.9896154024995e-12,2.9896308333841e-12,2.98965580839e-12,3.0318682755285e-12,3.0323776722334e-12,3.0318923200098e-12,0.99999999857359,0.99977838283203,0.00051823795428511,0.00051822688952426,0.00051822692706035,0.00051822698764953,0.00051823822372883,0.00051823807127479,0.0005182378516051,0.00051831633221388,0.00051831747991082,0.00051831620736742,0.00051775666416769,0.00051823800123692,0.00051775520837094,0.00051775536003459,0.00051822689434075,0.00051822678451396,0.00051822702100331,0.00051823812372287,0.00051831647610151,0.00051831652412073,0.00051831653140093,0.00051775528710339,0.00051775592603515,0.0005177554089051,0.0014561819216006,1.1667861113682e-15,1.2876754659005e-15,7.7278377148671e-16,9.7530370636632e-16,1.1076896332873e-16,-1.6933212069176e-15,2.0213829302226e-16,-1.2181138047612e-15,-7.2500449697386e-15,3.9841167823253e-16,-8.1488135512113e-15,1.8732134337553e-16,1.6099591821738e-16,-4.31414065669e-16,-4.3450490256073e-16,-3.5905798811068e-17,-2.2443279783886e-16,-2.7753325346023e-16,-2.2659454935527e-15,1.5996914377493e-15,3.0387215390538e-15,8.5215222266797e-16,-3.1190789276506e-15,-7.4373907453161e-16,15589532.022486,3827441.4743925,0.00015120691526882,0.0015839447975075,0.00054783681457687,0.026410061944755,30.03623057146,15.029717643964,37.607942074514
33413899.315227,0.0014423519398605,5000226122441.6,5000225890060.7,5000226393079.9,5000225568583.8,5000223650559.3,5000224948859.9,5000227264059.8,5000222964827.7,5000214626694.7,5000224085320.4,5000233390095.9,5000225929225.7,5000245398618.4,5000244387426.7,5000225924234,5000227056981.8,5000225592381.1,5000225327106.4,5000221567169.9,5000222294045.1,5000220194909.3,5000244337780.4,5000240807252,5000244224613.6,3.0415161100307e-12,2.9510388632388e-12,2.9506888262494e-12,2.9509254072164e-12,3.0424233938999e-12,3.0418087643043e-12,3.0412271590419e-12,3.0429220143757e-12,3.0456364688955e-12,3.042614940205e-12,3.0732141101426e-12,3.0416913991002e-12,3.0696914159425e-12,3.0699526046534e-12,2.9508969968506e-12,2.9505354980804e-12,2.9508964012061e-12,3.0418236242338e-12,3.0433887063332e-12,3.0432716820977e-12,3.0437500881368e-12,3.0700253357294e-12,3.0710674339173e-12,3.0700655935835e-12,0.99999999196074,0.99951270059201,0.0005408881431495,0.00054087797582292,0.00054087791776364,0.00054087815194907,0.00054088895866756,0.00054088850515025,0.0005408877941091,0.00054096954201308,0.00054097265843192,0.00054096917450686,0.00054036231687094,0.00054088824335673,0.00054035813047079,0.00054035851696069,0.0005408779548833,0.00054087761075396,0.00054087819504631,0.00054088850631307,0.00054097001538136,0.0005409699583972,0.00054097028479968,0.00054035844583431,0.00054035998404927,0.00054035861365898,0.0015733999030207,2.8009935316063e-15,3.0559986497921e-15,2.0225919625803e-15,2.7522285888579e-15,2.5081423650199e-16,-4.4703041467994e-15,6.0253041958751e-16,-3.5665268552067e-15,-1.3660934985389e-14,9.1606000718252e-16,-1.5579420969568e-14,2.3422775741518e-16,4.3743797753079e-16,-1.4184183097553e-15,-7.8631708142322e-16,-3.4079889572125e-16,-1.0963744922859e-15,-1.0895149185658e-15,-5.0279318461685e-15,2.7896841521323e-15,9.7756278582143e-15,1.9816036365165e-15,-4.8749544231392e-15,-1.9597342472271e-15,15553458.732506,3812621.5041039,0.00017958291842576,0.0016931135553071,0.00060943062251877,0.02333713793161,30.030596345803,15.025059196365,39.425522665105
37491011.661873,0.0016130314661954,5000234720847.9,5000232630459.5,5000234504063.7,5000230619022.3,5000221234263.4,5000229503828.3,5000238377626.3,5000228574862.5,5000208865213,5000233399600.3,5000222010839,5000232461701.1,5000256733913.7,5000252539371.7,5000231774737,5000236438100,5000231090044.3,5000229715940.7,5000225274611.3,5000230235452.2,5000215085143.2,5000252898685.9,5000245792992.1,5000252345802.4,3.1394554840398e-12,3.0113926111925e-12,3.0102361502545e-12,3.0113469619655e-12,3.1445671180614e-12,3.1407061350496e-12,3.13861055561e-12,3.1291290911644e-12,3.1345030283173e-12,3.1276612956112e-12,3.146484537633e-12,3.1408002830205e-12,3.1377314468225e-12,3.1389403234849e-12,3.0111349084017e-12,3.0097405973929e-12,3.0111580732107e-12,3.1414422102692e-12,3.129737497805e-12,3.1286360149939e-12,3.1334651882941e-12,3.138770744514e-12,3.1407161023752e-12,3.1392886822567e-12,0.99999998443474,0.99874808347974,0.00057263635326274,0.00057263195585775,0.00057263139344638,0.00057263263965673,0.00057264063537079,0.00057263803040022,0.00057263495440347,0.00057272242303306,0.00057273159330912,0.00057272077556509,0.00057205371825655,0.00057263702613467,0.00057203967513354,0.00057204119987943,0.00057263203558578,0.00057263047678322,0.00057263259435029,0.00057263795885835,0.00057272390432523,0.00057272279631214,0.00057272640258057,0.00057204110486723,0.0005720451089765,0.00057204142590099,0.0017499864208322,6.720555931003e-15,7.9232152744355e-15,7.2076804389721e-15,7.3944051332006e-15,1.7849267141512e-15,-1.2278143848946e-14,2.5971894355495e-15,-1.2654543776722e-14,-2.2451782316368e-14,2.5013449361125e-15,-2.4249304714219e-14,2.6001097178236e-16,1.9744130851246e-15,-6.5992303881646e-15,-1.5184216421878e-15,-2.392059180667e-15,-6.3523472522208e-15,-5.4488847055883e-15,-9.9907650774836e-15,3.2934335709149e-15,2.9644306077258e-14,4.2691578931929e-15,-4.1048284205338e-15,-7.2560157394631e-15,15499740.092586,3790840.5525496,0.00022425765371525,0.0018533444716974,0.00070465127682791,0.028939560390703,30.031543117497,15.027912537691,42.282086283559
42065606.955071,0.0018097765986867,5000237667101.8,5000228089493.7,5000231764388.4,5000218122304.4,5000179085618.8,5000219183306.5,5000244811890.5,5000217839008,5000185724886,5000234826320.2,5000183290941.4,5000223493623,5000263587027.4,5000246069731.3,5000224389861,5000236063530.1,5000218458713.9,5000209009837.6,5000211909399.1,5000232157669.8,5000175757404.1,5000253245901.5,5000241890826.8,5000247840104.1,3.2565292479515e-12,3.0968335495339e-12,3.0944529613642e-12,3.0989406331582e-12,3.2781684015283e-12,3.2604279173107e-12,3.2555395754489e-12,3.2373234004912e-12,3.2431024482905e-12,3.232628927149e-12,3.2410691464523e-12,3.2632975835454e-12,3.2248881450123e-12,3.2301999750945e-12,3.0961260860765e-12,3.093590027157e-12,3.0981218213703e-12,3.2671591803239e-12,3.2372313862144e-12,3.2327106721153e-12,3.2480501992054e-12,3.2269483855153e-12,3.2304423487715e-12,3.2307238982943e-12,0.99999989923553,0.99730879072822,0.00060621000202823,0.00060622112188151,0.00060621959206068,0.00060622462033298,0.00060623076638182,0.00060621670424259,0.00060620616772191,0.00060630531965362,0.00060632442336026,0.00060629878465662,0.00060558027037458,0.00060621480981264,0.00060554316258462,0.0006055496585323,0.00060622200275297,0.00060621700738618,0.0006062245796636,0.00060621926536407,0.00060630811328113,0.00060630212108446,0.00060631966226721,0.00060554789635721,0.00060555612300291,0.00060554977417647,0.0019541944064178,1.1450708498683e-14,1.6837737006628e-14,2.045156624611e-14,8.543967708121e-15,1.0083649866538e-14,-2.2693619931196e-14,8.9702382223515e-15,-2.9299277842442e-14,-2.5269730231104e-14,1.8016681034886e-15,-2.1351594533053e-14,-2.7111421223432e-15,7.4681904273959e-15,-2.3316689309909e-14,-4.2759050044352e-15,-7.3492429775888e-15,-2.4142416243225e-14,-1.6588428615692e-14,-1.3511847214316e-14,-3.4992445472454e-16,5.2473514663258e-14,6.2151268784053e-15,5.7602568563417e-15,-2.2374396670156e-14,15438609.889021,3766833.2233592,0.00027831425909647,0.0020332020639564,0.00081754209820557,0.047181457517615,30.043512952637,15.04246066447,45.681812508715
47198387.295003,0.0020384040976673,5000228570063.1,5000197870998.3,5000199018484.4,5000163186942.5,5000039805331.5,5000181011691.2,5000234864729.4,5000168605643.9,5000134864002.5,5000217974436.7,5000096255515.1,5000177258863.1,5000255121687.2,5000191948873.4,5000189344809.3,5000205512501,5000158505108.9,5000119033192.6,5000161109848.3,5000216019756,5000079037689.3,5000234780720.3,5000212021169,5000206488680.9,3.382108246334e-12,3.1975094483935e-12,3.1959710134511e-12,3.2089868381895e-12,3.4432352660555e-12,3.3894774673515e-12,3.3836266753761e-12,3.3714473131633e-12,3.3713163108486e-12,3.359163126584e-12,3.3568785402506e-12,3.4019618309488e-12,3.3310917616983e-12,3.3493160251404e-12,3.1949262962992e-12,3.1956519675165e-12,3.2058912403143e-12,3.4167837128219e-12,3.3673995419975e-12,3.3587906610597e-12,3.3851247315852e-12,3.3332086208983e-12,3.3434412669558e-12,3.347883199624e-12,0.99999984817305,0.99506642567267,0.00064170473659135,0.00064174932818486,0.0006417486476846,0.00064176345715562,0.00064178075250127,0.00064172510590799,0.00064169823074919,0.00064182373002613,0.00064185077495167,0.00064180238826356,0.00064104737690585,0.00064172607558781,0.00064096692766207,0.00064099249867162,0.00064175194425206,0.00064174239258383,0.00064176556168169,0.000641745946597,0.0006418252601991,0.00064180640852525,0.00064185649974512,0.00064097813675161,0.00064099488786551,0.00064098957568032,0.002191971217559,1.6090630466384e-14,2.7817714928861e-14,4.1782984809429e-14,-5.1761799818421e-15,2.0682192281329e-14,-3.0496429700259e-14,2.11010690612e-14,-4.9343377328011e-14,-2.1937077993053e-14,4.4034770416352e-15,-3.207115258249e-15,-9.5431286170842e-15,1.8064021678747e-14,-5.3781545678402e-14,-8.1835903863784e-15,-9.4647874699867e-15,-5.354054766311e-14,-3.1384548460466e-14,-1.8134340702728e-14,-1.0734602654016e-14,7.4436660267489e-14,7.1346988341559e-15,2.6904154441433e-14,-4.9091656422165e-14,15368748.576762,3740880.0937464,0.00034376718469792,0.0022367923925779,0.00095146633212971,0.05776123888995,30.047103580244,15.04867383555,49.657959794162
