time,Ep_eff,cstrain_1,cstrain_10,cstrain_11,cstrain_12,cstrain_13,cstrain_14,cstrain_15,cstrain_16,cstrain_17,cstrain_18,cstrain_19,cstrain_2,cstrain_20,cstrain_21,cstrain_22,cstrain_23,cstrain_24,cstrain_3,cstrain_4,cstrain_5,cstrain_6,cstrain_7,cstrain_8,cstrain_9,cstrainfrac1,cstrainfrac2,eeq,gstrain_1,gstrain_10,gstrain_11,gstrain_12,gstrain_13,gstrain_14,gstrain_15,gstrain_16,gstrain_17,gstrain_18,gstrain_19,gstrain_2,gstrain_20,gstrain_21,gstrain_22,gstrain_23,gstrain_24,gstrain_3,gstrain_4,gstrain_5,gstrain_6,gstrain_7,gstrain_8,gstrain_9,rho_i,rho_m,strain_xx,strain_yy,strain_zz,stress_xx,stress_yy,stress_zz,vonmises
0,0,0,0,0,0,0,0,0,0,0,0,0,0,0,0,0,0,0,0,0,0,0,0,0,0,0,0,0,0,0,0,0,0,0,0,0,0,0,0,0,0,0,0,0,0,0,0,0,0,0,0,0,0,0,0,0,0,0,0,0,0
0.14091914656322,7.081495078856e-15,8.4099770263747e-15,8.5372131227848e-15,8.5372131227848e-15,8.5372131227848e-15,8.4099770263747e-15,8.4099770263747e-15,8.4099770263747e-15,8.4353274368682e-15,8.4353274368682e-15,8.4353274368682e-15,8.6042852084625e-15,8.4099770263747e-15,8.6042852084625e-15,8.6042852084625e-15,8.5372131227848e-15,8.5372131227848e-15,8.5372131227848e-15,8.4099770263747e-15,8.4353274368682e-15,8.4353274368682e-15,8.4353274368682e-15,8.6042852084625e-15,8.6042852084625e-15,8.6042852084625e-15,0.99999999996395,0.99999994928592,4.2702527665141e-08,1.6556040414792e-23,-3.7606095288702e-23,1.1322348663491e-23,-4.306767132625e-23,-8.6051311434395e-24,4.2332640558951e-25,1.2783733646591e-23,1.7475994622447e-23,-1.3577456128312e-23,-3.2704782370224e-23,1.7743895424861e-24,-5.1273435080954e-25,3.0613645602961e-23,-5.2479515800199e-23,1.1573008887831e-23,-9.7878399586348e-24,-2.3695259368236e-23,3.8140089111527e-24,-1.4201547548351e-23,9.0558235259744e-24,-2.1634560104388e-23,2.212316801016e-23,4.2576705358768e-23,-2.4506722838915e-23,15999999.999991,3999999.9999989,-2.0551919126679e-08,4.3010228538468e-08,1.1741480023969e-08,-7.8705620192917e-12,0.0097634512314812,0.0048817256362068,0.0090294716711243
0.44562546906687,8.0000820531415e-14,2.659469838916e-14,2.6997081945384e-14,2.6997081945384e-14,2.6997081945384e-14,2.659469838916e-14,2.659469838916e-14,2.659469838916e-14,2.6674857824784e-14,2.6674857824784e-14,2.6674857824784e-14,2.7209156416402e-14,2.659469838916e-14,2.7209156416402e-14,2.7209156416402e-14,2.6997081945384e-14,2.6997081945384e-14,2.6997081945384e-14,2.659469838916e-14,2.6674857824784e-14,2.6674857824784e-14,2.6674857824784e-14,2.7209156416402e-14,2.7209156416402e-14,2.7209156416402e-14,0.99999999998787,0.9999999817107,1.3503723364087e-07,1.7181948576943e-23,-3.9839207196097e-23,1.4669977434278e-23,-4.8124600726892e-23,-8.043997460423e-24,1.5105173536252e-25,1.2755342363512e-23,1.9247748249961e-23,-1.4880065196814e-23,-3.4492971526073e-23,3.3102123338215e-24,-1.3733470572483e-24,3.376610617615e-23,-5.7973455758257e-23,1.3957318354734e-23,-8.7477498473333e-24,-2.8207460846511e-23,4.8793618361647e-24,-1.5382022165403e-23,1.0168683805232e-23,-2.3731008399718e-23,2.3432800200432e-23,4.7196673153163e-23,-2.8279187494443e-23,15999999.999915,3999999.9999875,-6.4990856949177e-08,1.3601026152999e-07,3.7129860098643e-08,-7.9964890145878e-11,0.030874743498331,0.015437371954444,0.028553694294715
1.4091914656322,8.0923021580472e-13,8.4102003155775e-14,8.5374482801962e-14,8.5374482801962e-14,8.5374482801962e-14,8.4102003155775e-14,8.4102003155775e-14,8.4102003155775e-14,8.4355472246532e-14,8.4355472246532e-14,8.4355472246532e-14,8.6045202675388e-14,8.4102003155775e-14,8.6045202675388e-14,8.6045202675388e-14,8.5374482801962e-14,8.5374482801962e-14,8.5374482801962e-14,8.4102003155775e-14,8.4355472246532e-14,8.4355472246532e-14,8.4355472246532e-14,8.6045202675388e-14,8.6045202675388e-14,8.6045202675388e-14,0.99999999999591,0.99999999263328,4.2702505483896e-07,1.8204685922545e-23,-4.3442430018959e-23,2.2573520769058e-23,-5.8753949393964e-23,-6.469082617232e-24,-6.0142375881053e-25,1.2353289270563e-23,2.3043724496174e-23,-1.7642183121379e-23,-3.769316006417e-23,6.9262042988104e-24,-3.3473219352565e-24,4.0415520682163e-23,-6.96400157167e-23,1.9224677875991e-23,-5.657996042605e-24,-3.8297158518999e-23,7.2451072869358e-24,-1.7447763232005e-23,1.2985916583739e-23,-2.766132484854e-23,2.5737565599467e-23,5.6908391943518e-23,-3.6856682466153e-23,15999999.999313,3999999.9998735,-2.0551896641524e-07,4.3010195277567e-07,1.1741531706778e-07,-8.0100980879429e-10,0.097634509460797,0.048817256779319,0.090294687292432
4.4562546906687,8.1020860117047e-12,2.6597773577925e-13,2.7000173609229e-13,2.7000173609229e-13,2.7000173609229e-13,2.6597773577925e-13,2.6597773577925e-13,2.6597773577925e-13,2.6677914213127e-13,2.6677914213127e-13,2.6677914213127e-13,2.7212389551349e-13,2.6597773577925e-13,2.7212389551349e-13,2.7212389551349e-13,2.7000173609229e-13,2.7000173609229e-13,2.7000173609229e-13,2.6597773577925e-13,2.6677914213127e-13,2.6677914213127e-13,2.6677914213127e-13,2.7212389551349e-13,2.7212389551349e-13,2.7212389551349e-13,0.99999999999864,0.99999999633096,1.3503700517933e-06,1.9544729622667e-23,-4.6991718803919e-23,4.5739297383526e-23,-8.4439591006834e-23,-1.0452761693305e-24,-3.2356733954213e-24,1.0006337542651e-23,3.2810740588956e-23,-2.454163534144e-23,-4.3019763283079e-23,1.7288623954679e-23,-8.8223325971568e-24,5.6753307308113e-23,-9.8675401932143e-23,3.3040685332548e-23,6.032982629031e-24,-6.5305903091885e-23,1.3469613193732e-23,-2.0312906343005e-23,2.2576945868831e-23,-3.4654640228075e-23,2.9247471101914e-23,8.0358504124429e-23,-6.0789051285533e-23,15999999.994531,3999999.9987339,-6.4990637326638e-07,1.3600991742621e-06,3.7130372090455e-07,-8.0089179124906e-09,0.3087474064572,0.15437372371552,0.28553664978586
14.091914656322,8.1047903292122e-11,8.4133604251237e-13,8.5406146624138e-13,8.5406146624138e-13,8.5406146624138e-13,8.4133604251237e-13,8.4133604251237e-13,8.4133604251237e-13,8.4386901761511e-13,8.4386901761511e-13,8.4386901761511e-13,8.607842412203e-13,8.4133604251237e-13,8.607842412203e-13,8.607842412203e-13,8.5406146624138e-13,8.5406146624138e-13,8.5406146624138e-13,8.4133604251237e-13,8.4386901761511e-13,8.4386901761511e-13,8.4386901761511e-13,8.607842412203e-13,8.607842412203e-13,8.607842412203e-13,0.99999999999844,0.9999999972299,4.2702276556699e-06,1.9051772102655e-23,-2.5199753943022e-23,1.455075166001e-22,-1.6617347644924e-22,2.4117313237762e-23,-1.6298691110744e-23,-3.8421857959649e-24,7.0828369792446e-23,-4.8963100396875e-23,-4.658133385029e-23,5.8508123198746e-23,-3.0227034526717e-23,1.119781291232e-22,-1.9930163253378e-22,8.2917540566279e-23,7.0045042780173e-23,-1.6555115995326e-22,3.5826291146401e-23,-1.3778876681599e-23,7.7178828747505e-23,-3.81395214427e-23,2.7666460007215e-23,1.5413719097035e-22,-1.591285511866e-22,15999999.956538,3999999.9873347,-2.0551677997184e-06,4.3009849924825e-06,1.1742043197656e-06,-8.0087531534439e-08,0.97634480936274,0.48817260953647,0.90294394214211
44.562546906687,8.1105331141747e-10,2.6629482565681e-12,2.7031934642255e-12,2.7031934642255e-12,2.7031934642255e-12,2.6629482565681e-12,2.6629482565681e-12,2.6629482565681e-12,2.6709452842317e-12,2.6709452842317e-12,2.6709452842317e-12,2.7245724737263e-12,2.6629482565681e-12,2.7245724737263e-12,2.7245724737263e-12,2.7031934642255e-12,2.7031934642255e-12,2.7031934642255e-12,2.6629482565681e-12,2.6709452842317e-12,2.6709452842317e-12,2.6709452842317e-12,2.7245724737263e-12,2.7245724737263e-12,2.7245724737263e-12,0.99999999999894,0.99999999531268,1.3503472169843e-05,6.3312190362488e-24,4.4670497741703e-22,1.0198219918487e-21,-6.4631079739642e-22,2.1520256049111e-22,-1.2598095039081e-22,-1.1142118958455e-22,4.4059767740707e-22,-2.3249242050081e-22,4.9649085718908e-23,3.4643582556145e-22,-1.951501148397e-22,4.8893722903952e-22,-9.2361034757916e-22,4.2905882010112e-22,7.2680561392082e-22,-8.5514350807337e-22,1.9127917666351e-22,2.396757642185e-22,7.9455116409092e-22,1.8976268388243e-22,-1.1081547555572e-22,5.488935321682e-22,-1.0051697274527e-21,15999999.654588,3999999.8732642,-6.4988451853921e-06,1.360064704418e-05,3.7135488535875e-06,-8.007624103185e-07,3.0874712125635,1.5437376544058,2.8553371848777
140.91914656322,8.1284561456299e-09,8.4451530404026e-12,8.5724567491066e-12,8.5724567491066e-12,8.5724567491066e-12,8.4451530404026e-12,8.4451530404026e-12,8.4451530404026e-12,8.4703112355997e-12,8.4703112355997e-12,8.4703112355997e-12,8.6412673649795e-12,8.4451530404026e-12,8.6412673649795e-12,8.6412673649795e-12,8.5724567491066e-12,8.5724567491066e-12,8.5724567491066e-12,8.4451530404026e-12,8.4703112355997e-12,8.4703112355997e-12,8.4703112355997e-12,8.6412673649795e-12,8.6412673649795e-12,8.6412673649795e-12,0.99999999999136,0.9999999650241,4.270001348651e-05,1.4098894828507e-21,1.6216316193589e-20,3.3044752464857e-20,-1.3740685729071e-20,4.0995571592037e-21,-1.9115346358231e-21,-1.3881356030963e-21,1.8506066398474e-20,-6.2130271765101e-21,4.157640883124e-21,5.8506616812101e-21,-5.5255419272605e-21,1.101738164878e-20,-2.4629799203798e-20,1.227956409138e-20,2.1975092182104e-20,-1.7873416231607e-20,6.1340790786383e-21,1.4987880748708e-20,3.788247357883e-20,1.2801509320749e-20,-5.3281551760334e-21,7.6947813068254e-21,-3.0229032316796e-20,15999997.252115,3999998.7300765,-2.0549492516762e-05,4.3006428729445e-05,1.1747166558622e-05,-8.0040833793533e-06,9.763419587705,4.8817302615291,9.0291460957614
445.62546906687,4.7779579958018e-08,1.0094055707649e-11,1.0246150137261e-11,1.0246150137262e-11,1.0246150137261e-11,1.0094055707649e-11,1.0094055707649e-11,1.0094055707649e-11,1.0124053352964e-11,1.0124053352965e-11,1.0124053352964e-11,1.0328698746374e-11,1.0094055707649e-11,1.0328698746374e-11,1.0328698746374e-11,1.0246150137262e-11,1.0246150137261e-11,1.0246150137262e-11,1.0094055707649e-11,1.0124053352964e-11,1.0124053352964e-11,1.0124053352964e-11,1.0328698746374e-11,1.0328698746374e-11,1.0328698746374e-11,0.99999999975548,0.99999994206002,4.5482952810802e-05,3.6223107681059e-21,3.030447697717e-20,7.0842243655207e-20,-2.8374861294261e-20,7.5924591873394e-21,-2.8654418359148e-21,-2.0177358851344e-21,4.0525592867769e-20,-1.2704885358358e-20,8.3703388011799e-21,1.0401258783582e-20,-1.1440627258462e-20,2.1725242992622e-20,-5.0969168984928e-20,2.7115531187616e-20,4.3562903549062e-20,-3.5172229912946e-20,1.3742620714102e-20,3.2734925599071e-20,8.2691441792726e-20,2.6479031142007e-20,-1.0150516446345e-20,1.4630594995043e-20,-6.2375126621278e-20,15999985.477753,3999992.5364456,-2.1867048042324e-05,4.5818818335466e-05,1.2528070962671e-05,-9.0662559025413e-06,10.39257382453,5.1963100950993,9.6104748057025
1409.1914656322,1.7359185351371e-07,1.0093531996308e-11,1.0245778558622e-11,1.0245778558626e-11,1.0245778558623e-11,1.0093531996309e-11,1.0093531996308e-11,1.0093531996308e-11,1.0123506448335e-11,1.0123506448337e-11,1.0123506448334e-11,1.0328189184459e-11,1.0093531996308e-11,1.0328189184458e-11,1.0328189184458e-11,1.0245778558625e-11,1.0245778558621e-11,1.0245778558625e-11,1.009353199631e-11,1.0123506448337e-11,1.0123506448337e-11,1.0123506448333e-11,1.0328189184459e-11,1.0328189184459e-11,1.0328189184458e-11,0.99999999981772,0.99999994204091,4.5588648232471e-05,3.6147516206637e-21,3.0320623938459e-20,7.0795762413918e-20,-2.8403142614879e-20,7.6225934056974e-21,-2.8338394782338e-21,-1.9166294089758e-21,4.0555769782019e-20,-1.2564273916229e-20,8.4158203949004e-21,1.0490478934339e-20,-1.1464549342739e-20,2.1826395018919e-20,-5.1012644280052e-20,2.7178520656518e-20,4.3672341267064e-20,-3.5079540406153e-20,1.3657911114819e-20,3.2754205480226e-20,8.2587206328946e-20,2.6472872444883e-20,-1.0164512858238e-20,1.4691564068061e-20,-6.2475976119451e-20,15999948.141213,3999972.8837362,-2.1846121473897e-05,4.5956959830297e-05,1.2604826202519e-05,-9.0650334144593e-06,10.392573848759,5.1963101037739,9.6089264403994
4456.2546906687,5.7136819637401e-07,1.0091885226333e-11,1.0244616926749e-11,1.0244616926763e-11,1.0244616926751e-11,1.0091885226337e-11,1.0091885226332e-11,1.0091885226334e-11,1.012179470628e-11,1.0121794706289e-11,1.0121794706278e-11,1.0326593049068e-11,1.0091885226332e-11,1.0326593049064e-11,1.0326593049067e-11,1.0244616926758e-11,1.0244616926744e-11,1.0244616926757e-11,1.0091885226341e-11,1.0121794706287e-11,1.0121794706287e-11,1.0121794706275e-11,1.0326593049067e-11,1.0326593049068e-11,1.0326593049066e-11,0.99999999987666,0.99999994198019,4.5923475630843e-05,3.5912137066488e-21,3.0370675988979e-20,7.0650227547669e-20,-2.8492989013815e-20,7.7147649861833e-21,-2.7356916091317e-21,-1.5999206931211e-21,4.064767134267e-20,-1.2120314811054e-20,8.5568066932046e-21,1.0770799299474e-20,-1.1539058102472e-20,2.2143093568652e-20,-5.1150836105296e-20,2.7375087950216e-20,4.4016506426684e-20,-3.4788130796681e-20,1.3389799219127e-20,3.2817376465833e-20,8.2256412816067e-20,2.6453535698592e-20,-1.0209199986989e-20,1.4883818923349e-20,-6.2793468171944e-20,15999830.076993,3999910.7437894,-2.1779813318872e-05,4.639360425286e-05,1.2847534259024e-05,-9.0618532566214e-06,10.392573924987,5.1963101305432,9.6040539461006
14091.914656322,1.8284850775638e-06,1.0086774996182e-11,1.0241062693619e-11,1.0241062693662e-11,1.0241062693625e-11,1.0086774996195e-11,1.0086774996181e-11,1.0086774996185e-11,1.0116509536871e-11,1.0116509536899e-11,1.0116509536865e-11,1.032166946027e-11,1.008677499618e-11,1.0321669460257e-11,1.0321669460266e-11,1.0241062693648e-11,1.0241062693603e-11,1.0241062693646e-11,1.0086774996208e-11,1.0116509536895e-11,1.0116509536895e-11,1.0116509536855e-11,1.0321669460268e-11,1.032166946027e-11,1.0321669460265e-11,0.99999999992825,0.99999994178566,4.6987938198154e-05,3.5188917387661e-21,3.0526427386049e-20,7.0197399323851e-20,-2.8777548621405e-20,7.9785971456595e-21,-2.4451196949529e-21,-6.2657313020894e-22,4.0909976719006e-20,-1.0729194748198e-20,8.9770451330882e-21,1.1639056223673e-20,-1.1765704530641e-20,2.3121074448671e-20,-5.1592730054676e-20,2.7980972483906e-20,4.5083659569186e-20,-3.3891410484889e-20,1.2545085183012e-20,3.3030409249847e-20,8.1205915483824e-20,2.639936449396e-20,-1.035256563231e-20,1.548312376658e-20,-6.3789497091457e-20,15999456.767417,3999714.3125567,-2.1568808302156e-05,4.7772436948131e-05,1.3614915666738e-05,-9.081261339186e-06,10.39257413677,5.1963101881361,9.5888814329066
44562.546906687,5.7964395081924e-06,1.0071535537316e-11,1.0230705717977e-11,1.0230705718115e-11,1.0230705718001e-11,1.0071535537362e-11,1.0071535537316e-11,1.0071535537328e-11,1.0100873021988e-11,1.0100873022077e-11,1.0100873021968e-11,1.0307058980521e-11,1.0071535537313e-11,1.0307058980479e-11,1.0307058980511e-11,1.0230705718069e-11,1.0230705717925e-11,1.0230705718063e-11,1.0071535537404e-11,1.010087302206e-11,1.0100873022061e-11,1.0100873021938e-11,1.0307058980509e-11,1.0307058980522e-11,1.0307058980507e-11,0.99999999996605,0.99999994114712,5.0403574707533e-05,3.3133590293226e-21,3.0976985573598e-20,6.8844197557194e-20,-2.9679359363344e-20,8.5553669675592e-21,-1.728903281399e-21,2.1881040826307e-21,4.1475409785618e-20,-6.450092529386e-21,1.005465700688e-20,1.4195422417567e-20,-1.2392988377859e-20,2.5980970335087e-20,-5.3041347184738e-20,2.9744427270062e-20,4.8246773288727e-20,-3.1290912819038e-20,9.9165445814467e-21,3.3832269399843e-20,7.7848220594382e-20,2.6272860757045e-20,-1.0821207700562e-20,1.7280815086306e-20,-6.6841404953094e-20,15998276.670802,3999093.8347074,-2.0888547847168e-05,5.2113587863202e-05,1.6040402864543e-05,-1.0031894543736e-05,10.3925738108,5.1963095553751,9.5431670903862
140919.14656322,1.8276258534161e-05,1.0029433325511e-11,1.0203293009948e-11,1.0203293010407e-11,1.0203293010074e-11,1.0029433325692e-11,1.0029433325527e-11,1.0029433325563e-11,1.0058149948726e-11,1.0058149949004e-11,1.0058149948656e-11,1.0267997365252e-11,1.0029433325526e-11,1.0267997365106e-11,1.0267997365231e-11,1.0203293010259e-11,1.0203293009807e-11,1.0203293010248e-11,1.0029433325831e-11,1.0058149948933e-11,1.0058149948957e-11,1.0058149948582e-11,1.0267997365185e-11,1.0267997365268e-11,1.0267997365224e-11,0.99999999998682,0.99999993893605,6.1542048530228e-05,2.8648014917039e-21,3.2113092859042e-20,6.5315135407493e-20,-3.2462011924848e-20,8.2421420451284e-21,-1.3053379661913e-21,8.6683748246352e-21,4.1002224598011e-20,5.9054275932661e-21,1.1354462152542e-20,2.0532795655053e-20,-1.36674738305e-20,3.2925728015203e-20,-5.7975946222868e-20,3.3956987054817e-20,5.6356287904755e-20,-2.5118352653389e-20,2.1762591591017e-21,3.7297555102238e-20,6.7031488506285e-20,2.6236680875939e-20,-1.2426224276266e-20,2.195654663797e-20,-7.5500339512684e-20,15994548.935152,3997137.8960851,-1.861509290529e-05,6.5664645132103e-05,2.370079194541e-05,-3.3600216826835e-05,10.392546530983,5.1962880233705,9.4187363507619
445625.46906687,5.7189816127481e-05,9.9245592093861e-12,1.0132241470996e-11,1.0132241472661e-11,1.0132241471808e-11,9.9245592102486e-12,9.9245592095734e-12,9.9245592096463e-12,9.9518639262362e-12,9.9518639270928e-12,9.9518639259118e-12,1.0178028192945e-11,9.9245592096157e-12,1.0178028192338e-11,1.0178028192972e-11,1.0132241472189e-11,1.0132241470704e-11,1.0132241472212e-11,9.9245592107422e-12,9.9518639266632e-12,9.9518639269735e-12,9.9518639258652e-12,1.0178028192451e-11,1.017802819308e-11,1.0178028192993e-11,0.99999999999526,0.99999993057158,9.7995345646705e-05,3.9005898647992e-21,3.5550238979532e-20,5.9879823820362e-20,-3.7705089613486e-20,-4.2139912499722e-21,-1.3405378482404e-20,1.1953938245906e-20,2.6650604456875e-20,3.5245123500665e-20,3.5514761562156e-21,2.7389018538235e-20,-1.4622076552202e-20,3.9899600302945e-20,-7.3346892274142e-20,3.8606768780313e-20,6.8496317233022e-20,-1.8176605619994e-20,-1.4492376548458e-20,5.1590778364867e-20,3.5068045814786e-20,2.8042605582831e-20,-1.7654176134718e-20,2.681495279997e-20,-9.3106899400775e-20,15982804.11816,3991003.3414132,-1.0452651236295e-05,0.00010709349816557,4.786097215253e-05,-0.00046351704909867,10.391901413375,5.195851874208,9.1705948719421
561009.22715098,7.1730913163982e-05,9.8783626222876e-12,1.0097434460567e-11,1.0097434463035e-11,1.0097434461931e-11,9.8783626236605e-12,9.8783626226528e-12,9.8783626226929e-12,9.9042450548625e-12,9.9042450560503e-12,9.9042450543032e-12,1.0138532229767e-11,9.878362622721e-12,1.0138532228792e-11,1.0138532229843e-11,1.0097434462385e-11,1.0097434460231e-11,1.0097434462421e-11,9.8783626243788e-12,9.9042450552717e-12,9.9042450559104e-12,9.9042450543865e-12,1.0138532228869e-11,1.0138532229986e-11,1.0138532229914e-11,0.99999999998298,0.99999992517315,0.00011188934888681,6.7105627433942e-21,3.9045301314309e-20,5.8975496806885e-20,-3.6817697354782e-20,-1.3296803985803e-20,-2.5974709093631e-20,7.5643135784657e-21,1.6006591556063e-20,4.7264034707207e-20,-3.4810393393409e-21,2.5728064764893e-20,-1.525811690276e-20,3.7712610399173e-20,-7.9623640450111e-20,3.812451172677e-20,6.9809970904865e-20,-1.7639646359336e-20,-1.8464065017229e-20,5.9281788094127e-20,2.0704879041402e-20,2.9515965756945e-20,-2.0506088150324e-20,2.359367345701e-20,-9.7125743289008e-20,15978376.41269,3988699.3633553,-7.0474152492369e-06,0.0001223026209306,5.6992070282946e-05,-1.3385248377039e-05,10.392582040029,5.1963054256646,9.1172834535007
706268.77231137,8.9923601529218e-05,9.8399274634407e-12,1.0065172279674e-11,1.0065172282974e-11,1.0065172281616e-11,9.8399274653522e-12,9.8399274640305e-12,9.839927463982e-12,9.8636060893694e-12,9.8636060908997e-12,9.8636060885216e-12,1.0104353711169e-11,9.8399274641085e-12,1.0104353709758e-11,1.0104353711281e-11,1.0065172282173e-11,1.0065172279292e-11,1.0065172282183e-11,9.8399274662925e-12,9.8636060896812e-12,9.8636060907458e-12,9.8636060887967e-12,1.0104353709785e-11,1.010435371146e-11,1.0104353711418e-11,0.99999999998535,0.99999991960851,0.00012938547897683,1.0963745887373e-20,4.3796453493789e-20,5.9070553223929e-20,-3.3681414169755e-20,-2.1103159854073e-20,-4.0180891104458e-20,2.0825890303559e-21,6.5724300398484e-21,5.7286786714431e-20,-9.7495895739425e-21,2.2785911084084e-20,-1.6742091219849e-20,3.3847141587746e-20,-8.3574886824375e-20,3.7147372588906e-20,6.9484938167471e-20,-1.7372967034898e-20,-1.946325018051e-20,6.5759018378491e-20,9.5403664954717e-21,3.0988901703145e-20,-2.3385661042748e-20,1.7899515112922e-20,-9.8214382224177e-20,15972816.541363,3985811.1778784,-2.5910907923608e-06,0.00014116902206854,6.8475222770599e-05,-1.9163184395445e-05,10.392575996307,5.1962977876478,9.0701579302538
889139.70501945,0.0001126699189167,9.7988068254742e-12,1.0026348486084e-11,1.0026348490514e-11,1.0026348488779e-11,9.7988068281181e-12,9.7988068264271e-12,9.7988068261681e-12,9.8184737979076e-12,9.8184737999415e-12,9.8184737966055e-12,1.0065868786539e-11,9.7988068264831e-12,1.0065868784427e-11,1.0065868786641e-11,1.0026348489565e-11,1.0026348485603e-11,1.0026348489448e-11,9.7988068293466e-12,9.8184737980077e-12,9.8184737997647e-12,9.818473797208e-12,1.0065868784393e-11,1.0065868786887e-11,1.0065868786885e-11,0.99999999998717,0.99999991186749,0.00015139000874309,1.8540090871354e-20,5.1779151777622e-20,6.0507460601177e-20,-2.7444536259867e-20,-2.9289548333128e-20,-6.0806216059971e-20,-5.119048755569e-21,-3.7037776596702e-21,6.9323027210758e-20,-1.6473028377812e-20,1.8677034841068e-20,-2.0156186377058e-20,2.7886377528624e-20,-8.6252566909628e-20,3.6157363193015e-20,6.831167704269e-20,-1.6687501303852e-20,-1.8084270223538e-20,7.3089501576303e-20,-1.9294162700022e-21,3.2922508163967e-20,-2.7499355947667e-20,8.4610398440606e-21,-9.7098358616897e-20,15965838.641259,3982193.2134248,3.2433504250996e-06,0.00016454185689147,8.2914642597167e-05,-2.8324996729012e-05,10.392562889527,5.1962847547916,9.0346670642598
1119360.5692842,0.00014109411101629,9.7569399278815e-12,9.9823398213899e-12,9.9823398273521e-12,9.9823398250022e-12,9.7569399315006e-12,9.7569399294294e-12,9.7569399287085e-12,9.7718166686885e-12,9.7718166715295e-12,9.771816666671e-12,1.0024657365181e-11,9.7569399293813e-12,1.0024657361898e-11,1.0024657365127e-11,9.9823398263123e-12,9.9823398206755e-12,9.9823398258224e-12,9.7569399330961e-12,9.7718166684157e-12,9.7718166712907e-12,9.7718166678105e-12,1.0024657361828e-11,1.0024657365523e-11,1.0024657365534e-11,0.99999999998851,0.99999990103533,0.00017902645367284,3.1267988412982e-20,6.4771405492288e-20,6.440648453125e-20,-1.7367127102252e-20,-3.6977437994138e-20,-9.0587213334478e-20,-1.3652789777593e-20,-1.4118840388585e-20,8.4276588165294e-20,-2.2800248390946e-20,1.3674196126547e-20,-2.6893104315862e-20,1.9831533250286e-20,-8.6622918476172e-20,3.5841971364942e-20,6.7002994533512e-20,-1.500428755687e-20,-1.3614054108958e-20,8.1381189747185e-20,-1.3353993565262e-20,3.5845425313888e-20,-3.3500445491109e-20,-5.6108436180658e-21,-9.3016708143086e-20,15957084.85764,3977663.9409143,1.0891888604061e-05,0.00019345481355578,0.00010106567899242,-3.7859353096357e-05,10.392540438712,5.1962660368985,9.0162025621213
1409191.4656322,0.00017660171709814,9.7200363324763e-12,9.9378912931329e-12,9.9378913011557e-12,9.9378912977443e-12,9.7200363373467e-12,9.7200363350118e-12,9.7200363333253e-12,9.7321677192298e-12,9.7321677234717e-12,9.7321677160847e-12,9.9866150164715e-12,9.7200363346723e-12,9.9866150111576e-12,9.9866150158843e-12,9.9378913002118e-12,9.9378912918734e-12,9.9378912988094e-12,9.7200363393961e-12,9.7321677183822e-12,9.7321677230556e-12,9.7321677180817e-12,9.9866150111712e-12,9.9866150166284e-12,9.986615016532e-12,0.99999999998942,0.99999988594271,0.00021369581609009,5.1453906975019e-20,8.5393514850195e-20,7.2429705900703e-20,-3.3608884391882e-21,-4.3624597062312e-20,-1.3312805209887e-19,-2.3359176441695e-20,-2.4596693790771e-20,1.0280357975051e-19,-2.7988622363905e-20,8.3068088884403e-21,-3.8150157034791e-20,9.6131251066255e-21,-8.4159161241309e-20,3.6577064588587e-20,6.7099092428405e-20,-1.1950778899913e-20,-5.4282268269133e-21,9.0920636982106e-20,-2.4946444067597e-20,4.0850586423821e-20,-4.2242588157946e-20,-2.406134162894e-20,-8.5131673187197e-20,15946104.06806,3971995.3580803,2.0958078332727e-05,0.00022917019715682,0.00012387111309957,-3.0129987252708e-05,10.392513080448,5.1962487660691,9.0197577093241
1774066.9461679,0.00022095899369447,9.6950405249043e-12,9.9004547159763e-12,9.9004547267325e-12,9.90045472146e-12,9.6950405312778e-12,9.6950405290918e-12,9.6950405254629e-12,9.7046504391987e-12,9.7046504460147e-12,9.7046504342715e-12,9.9607464053821e-12,9.6950405280603e-12,9.9607463964317e-12,9.9607464033781e-12,9.9004547263388e-12,9.9004547135194e-12,9.9004547229214e-12,9.6950405338709e-12,9.7046504375691e-12,9.7046504451345e-12,9.7046504376169e-12,9.9607463968682e-12,9.9607464049286e-12,9.960746404361e-12,0.99999999999001,0.99999986540341,0.00025715139706137,8.2453770927892e-20,1.167287829605e-19,8.7353983670153e-20,1.2618094117513e-20,-5.0041533207151e-20,-1.9352395663759e-19,-3.4075391876871e-20,-3.6033275489288e-20,1.2407884222285e-19,-3.2443564750124e-20,4.1774280931603e-21,-5.4375284743793e-20,-2.8703646185547e-21,-8.1423842256005e-20,3.7559819187289e-20,7.037001848532e-20,-9.4324910368406e-21,6.1197333238482e-21,1.0233944668029e-19,-3.7027750692386e-20,4.9213081761399e-20,-5.4508810148838e-20,-4.2618053151554e-20,-7.3730859872017e-20,15932321.642234,3964897.9020746,3.431800692036e-05,0.00027322772792081,0.00015250270203298,1.2732133903265e-05,10.392480900261,5.1962370617189,9.0493446533091
2233417.9607548,0.00027638356981933,9.6741514588362e-12,9.8654298633785e-12,9.8654298776704e-12,9.8654298691496e-12,9.6741514667961e-12,9.6741514657996e-12,9.6741514583728e-12,9.6794814074087e-12,9.6794814190594e-12,9.6794813996601e-12,9.9408232197622e-12,9.6741514632581e-12,9.9408232042015e-12,9.9408232144552e-12,9.8654298787951e-12,9.8654298584423e-12,9.8654298712411e-12,9.6741514700107e-12,9.6794814048867e-12,9.6794814170872e-12,9.6794814050848e-12,9.940823205874e-12,9.9408232177932e-12,9.9408232158641e-12,0.99999999999035,0.99999983812519,0.00031160857242688,1.2946695794895e-19,1.6197789698794e-19,1.1236338797014e-19,2.8649884884086e-20,-5.9286048178251e-20,-2.7733175501597e-19,-4.5422040373586e-20,-5.1350162613476e-20,1.4742746095111e-19,-3.8044581621466e-20,3.0822135602524e-21,-7.305579791592e-20,-1.9222465463647e-20,-8.2875708333199e-20,3.6075628680049e-20,7.6746897568385e-20,-1.0687511144043e-20,1.9779604518067e-20,1.1704154892831e-19,-5.1396627898802e-20,6.2315868673474e-20,-7.1229156587471e-20,-5.513240973529e-20,-5.8499714850453e-20,15915012.988134,3956008.0719464,5.2142828330101e-05,0.0003275334043225,0.00018842011529975,2.0860868861148e-05,10.392384024481,5.1961801795021,9.10698044644
2811706.6259517,0.00034563115766763,9.648279648906e-12,9.8245477149652e-12,9.8245477336597e-12,9.8245477194772e-12,9.6482796580548e-12,9.6482796605215e-12,9.6482796458835e-12,9.6481450830464e-12,9.6481451037703e-12,9.6481450708775e-12,9.9145379318503e-12,9.6482796548976e-12,9.9145379042949e-12,9.9145379194974e-12,9.8245477382003e-12,9.8245477051188e-12,9.8245477225857e-12,9.6482796619161e-12,9.6481450798781e-12,9.6481450994228e-12,9.6481450794085e-12,9.9145379089348e-12,9.9145379265716e-12,9.914537921365e-12,0.99999999999049,0.99999980127899,0.00037985508397748,1.9896973516347e-19,2.2594079409659e-19,1.5083661208274e-19,4.3267213784016e-20,-7.3646800111982e-20,-3.9227967976328e-19,-5.8488738728667e-20,-7.464596967928e-20,1.7539636929174e-19,-4.5912405728988e-20,8.4317650526583e-21,-9.2769317188116e-20,-4.1827804801957e-20,-9.0637643678082e-20,2.8647929999529e-20,8.5408782742656e-20,-1.9302687650803e-20,3.6201746942381e-20,1.3780059415194e-19,-7.100557713247e-20,8.3631618593887e-20,-9.3839031402707e-20,-5.6727669003108e-20,-3.704284773663e-20,15893287.614034,3944883.1420553,7.5791125332895e-05,0.00039448129613994,0.00023345518650214,3.7651951089241e-06,10.39220027954,5.1960684595727,9.1932492255682
3539728.9219206,0.00043211449439527,9.6150702070422e-12,9.775073629648e-12,9.7750736535555e-12,9.7750736293562e-12,9.6150702159034e-12,9.6150702265013e-12,9.615070198381e-12,9.6088000589155e-12,9.6088000966674e-12,9.6088000398799e-12,9.8797980733943e-12,9.6150702148419e-12,9.8797980240282e-12,9.8797980466951e-12,9.7750736651339e-12,9.7750736102903e-12,9.7750736341764e-12,9.6150702203059e-12,9.6088000562424e-12,9.6088000873822e-12,9.6088000529287e-12,9.8797980351656e-12,9.8797980613025e-12,9.879798048903e-12,0.99999999999037,0.99999974937373,0.00046534425591854,2.9987859438615e-19,3.1487139016784e-19,2.1044221425534e-19,5.4456855026462e-20,-9.5224398689669e-20,-5.4893715320304e-19,-7.4920990049374e-20,-1.1151443291202e-19,2.1703866005138e-19,-5.8025657807705e-20,3.1074817019217e-20,-1.1189350433203e-19,-7.3715788675952e-20,-1.0761925109542e-19,1.4247005336633e-20,9.6497829351531e-20,-3.9603115040522e-20,5.7610028926382e-20,1.721534292216e-19,-1.0117078331453e-19,1.1823645475588e-19,-1.2635848123586e-19,-3.7058132089284e-20,-5.7607190494342e-21,15866045.305269,3930981.9418017,0.00010692469211221,0.00047703807427484,0.00028989358244215,-4.952521810981e-05,10.391876456695,5.1958692205788,9.3105150106703
4456254.6906687,0.00054004374807218,9.5723055759924e-12,9.7150795229466e-12,9.7150795525636e-12,9.71507951019e-12,9.5723055807971e-12,9.5723056089128e-12,9.5723055555858e-12,9.5596536728817e-12,9.5596537427667e-12,9.5596536432025e-12,9.8341837551279e-12,9.572305585665e-12,9.8341836657818e-12,9.8341836998729e-12,9.7150795780813e-12,9.715079485251e-12,9.7150795180396e-12,9.5723055853483e-12,9.5596536739489e-12,9.5596537234414e-12,9.5596536626495e-12,9.8341836904964e-12,9.8341837294044e-12,9.8341837019716e-12,0.9999999999899,0.99999967219099,0.00057232188169681,4.456135467255e-19,4.3628019389784e-19,3.0821463704536e-19,6.0368236938614e-20,-1.2771917630102e-19,-7.6140202894307e-19,-9.7479979221235e-20,-1.7061822795364e-19,2.9339813820591e-19,-7.9417042766744e-20,9.5391477298849e-20,-1.2595448761031e-19,-1.2040901941054e-19,-1.3918352096091e-19,-2.6221801971528e-21,1.0959267762531e-19,-7.8583793279706e-20,8.8935792901527e-20,2.3596660571774e-19,-1.5250917231498e-19,1.7217257323688e-19,-1.7791217940792e-19,2.52328165238e-20,4.2441840036862e-20,15831926.934465,3913644.4085098,0.00014763290906336,0.00057884452824067,0.00036057248977759,-0.00017402037743809,10.391317879834,5.1955196074683,9.4642277666376
5610092.2715097,0.00067458707748735,9.5171434544275e-12,9.6423853657856e-12,9.6423854006286e-12,9.6423853241537e-12,9.5171434465014e-12,9.5171435111243e-12,9.5171434099809e-12,9.4986018928951e-12,9.498602024233e-12,9.4986018466392e-12,9.7748194314327e-12,9.5171434656459e-12,9.7748192676237e-12,9.7748193196487e-12,9.6423854534737e-12,9.6423852923018e-12,9.6423853376511e-12,9.5171434501691e-12,9.4986019058467e-12,9.4986019845582e-12,9.4986018748504e-12,9.7748193201978e-12,9.774819378721e-12,9.7748193204704e-12,0.9999999999889,0.99999955021503,0.00070598071514785,6.5479447740497e-19,5.9609142572808e-19,4.8241738765936e-19,5.8774280133058e-20,-1.7737908825769e-19,-1.0436092264883e-18,-1.3170681263945e-19,-2.6599024413234e-19,4.5391425659084e-19,-1.2078853380238e-19,2.5586846832523e-19,-1.2216553153702e-19,-1.9252585804856e-19,-1.9520344356217e-19,-9.7729416599696e-22,1.2237411036676e-19,-1.4980841788891e-19,1.4140912246023e-19,3.638494973911e-19,-2.4733816504703e-19,2.5301094266937e-19,-2.6968354319068e-19,1.7468381749102e-19,1.224789250879e-19,15789261.665637,3892071.7991019,0.00020056021320751,0.00070432528991787,0.00044899777894817,-0.00043674374729591,10.390368831684,5.1949121176297,9.6626444900679
7062687.7231137,0.00084205652626376,9.4413702385798e-12,9.549623632516e-12,9.5496236691737e-12,9.5496235260901e-12,9.4413701983143e-12,9.4413703386999e-12,9.4413701445255e-12,9.4179988368056e-12,9.4179990883571e-12,9.4179987645358e-12,9.6933658547964e-12,9.4413702499542e-12,9.6933655489469e-12,9.6933656301517e-12,9.5496237761875e-12,9.5496234871903e-12,9.5496235506553e-12,9.4413701986228e-12,9.4179988815683e-12,9.4179990068376e-12,9.4179988040307e-12,9.6933656589417e-12,9.69336574845e-12,9.6933656269127e-12,0.99999999998704,0.99999934385373,0.00087266190290422,9.4451696395965e-19,7.8312586347515e-19,8.2313742848701e-19,4.4162811698767e-20,-2.561090152808e-19,-1.3938560314115e-18,-1.9182347452755e-19,-4.2377066331583e-19,8.2161790867361e-19,-2.0424359541305e-19,6.4003524801034e-19,-6.389332017172e-20,-3.1245206145316e-19,-2.962699399059e-19,9.2163642253001e-20,1.2872235992518e-19,-2.8202723286559e-19,2.4045118225612e-19,6.4007528382381e-19,-4.3863411474225e-19,3.7329388000656e-19,-4.5778001317255e-19,5.0743326411529e-19,2.647694944433e-19,15736009.588934,3865307.9489933,0.00026903825420014,0.00085883377669559,0.00055948608887389,-0.00080852759475828,10.394755799161,5.1969356132747,9.9200394860419
8891397.0501945,0.0010500911054715,9.3542469121997e-12,9.4448104494046e-12,9.444810475997e-12,9.4448101975117e-12,9.3542467947474e-12,9.3542470941234e-12,9.354246713161e-12,9.3267694047787e-12,9.3267698983284e-12,9.3267692913927e-12,9.5983275187714e-12,9.3542469185776e-12,9.5983269342848e-12,9.598327065153e-12,9.4448106930492e-12,9.4448101542196e-12,9.4448102446248e-12,9.3542467862663e-12,9.326769530347e-12,9.3267697284057e-12,9.3267693435942e-12,9.598327164893e-12,9.5983273044268e-12,9.5983270514871e-12,0.99999999998388,0.99999897831025,0.0010799627424469,1.281238808318e-18,8.9595482331131e-19,1.5269260360449e-18,5.4554030136355e-21,-3.8806625091874e-19,-1.7159234840113e-18,-3.1089291274226e-19,-6.8956487107349e-19,1.6789973305507e-18,-3.798495658971e-19,1.5362195794248e-18,1.5666480585973e-19,-5.2394755361185e-19,-4.7810308670674e-19,4.8830419404613e-19,1.0302034080602e-19,-5.3104171827231e-19,4.3401116731324e-19,1.2754898959738e-18,-8.413152418927e-19,5.5008310193861e-19,-8.8511610965423e-19,1.2273421780128e-18,5.3021306019655e-19,15669700.333461,3832223.791535,0.00035732592191964,0.0010486397151889,0.00069727801089794,-0.00028738490020492,10.388421433867,5.1941193561351,10.236459409699
11193605.692842,0.001307931660531,9.2416883944285e-12,9.3157785015227e-12,9.3157784813595e-12,9.3157779109258e-12,9.2416880916447e-12,9.2416887352503e-12,9.2416879616159e-12,9.2112525639459e-12,9.2112535693956e-12,9.21125238376e-12,9.4758013552454e-12,9.2416883767151e-12,9.4758001955452e-12,9.4758004175041e-12,9.3157789334272e-12,9.3157778734645e-12,9.3157780068047e-12,9.2416880625239e-12,9.2112528966492e-12,9.2112532026079e-12,9.2112524456875e-12,9.4758006924629e-12,9.4758009137286e-12,9.4758003785442e-12,0.99999999997822,0.99999827085407,0.0013371543140979,1.4884241123518e-18,6.1205587065143e-19,3.0598385347677e-18,-9.394306075952e-20,-6.2144708254393e-19,-1.7341500741445e-18,-5.9295891037694e-19,-1.1725615456082e-18,3.7211457746682e-18,-7.5418598578219e-19,3.6507803096109e-18,7.9901491300617e-19,-9.5289439070046e-19,-8.0319944714733e-19,1.7503371832452e-18,-4.4890694196868e-21,-1.0170291165782e-18,8.5152439232761e-19,2.8378097056497e-18,-1.7212825455449e-18,8.404360320522e-19,-1.9806217774142e-18,2.7768217358366e-18,1.0750993836346e-18,15587356.409511,3791498.4995036,0.00047072701169948,0.0012813117768212,0.00086878551379227,-0.0042750100383001,10.384432349755,5.1899340522605,10.636851434809
14091914.656322,0.0016268071396211,9.1158172715419e-12,9.1748306821664e-12,9.1748304937915e-12,9.174829251501e-12,9.1158165002422e-12,9.1158179310351e-12,9.1158162780077e-12,9.083130224377e-12,9.0831323846978e-12,9.0831299331233e-12,9.3377966613418e-12,9.115817158321e-12,9.3377942353191e-12,9.3377946388932e-12,9.1748314854274e-12,9.1748292530233e-12,9.1748294591809e-12,9.1158164245455e-12,9.0831311134509e-12,9.0831315497602e-12,9.083129985462e-12,9.3377953644414e-12,9.3377957096837e-12,9.3377945387347e-12,0.99999999996789,0.99999679934094,0.001655488581151,7.6933642771537e-19,-1.2197433284995e-18,6.5336759034994e-18,-3.4954146572505e-19,-1.0419962739647e-18,-4.9325601786527e-19,-1.3389532866647e-18,-2.0901623541848e-18,8.7118020018739e-18,-1.6123988429811e-18,8.7971684209598e-18,2.570680451182e-18,-1.942910828236e-18,-1.3565137314948e-18,5.425923911031e-18,-3.5682761884638e-19,-1.9873570424727e-18,1.8008962578407e-18,6.9539104712502e-18,-3.7407286777717e-18,1.3631758132204e-18,-5.032083776857e-18,6.2054487278701e-18,2.2885229357144e-18,15485395.893909,3741595.9498069,0.00061598817617337,0.0015658371175406,0.001081855305494,-0.002365901649864,10.392223124827,5.1949331225149,11.1351824882
17740669.461678,0.0020198914964248,8.9574009869946e-12,9.0025791180935e-12,9.0025783611215e-12,9.0025755449715e-12,8.9573990050223e-12,8.9574022681179e-12,8.9573985871106e-12,8.923139202312e-12,8.9231440431746e-12,8.9231387270599e-12,9.1648788598897e-12,8.9574005173957e-12,9.1648735572485e-12,9.1648743480223e-12,9.0025806447633e-12,9.0025756777947e-12,9.0025760149208e-12,8.9573988298972e-12,8.9231416089688e-12,8.9231420614676e-12,8.9231387039026e-12,9.1648762499183e-12,9.1648767151735e-12,9.164874102905e-12,0.99999999994878,0.99999358368638,0.0020480613475698,-3.462462026087e-18,-7.9710254666307e-18,1.4106320839695e-17,-1.0249038984871e-18,-1.6365528466857e-18,4.4939404692429e-18,-3.2324690291145e-18,-3.7235450431212e-18,2.0536697106895e-17,-3.5954144788968e-18,2.0915426649044e-17,6.9739820003512e-18,-4.299020774982e-18,-2.0018780216502e-18,1.5084829724331e-17,-1.3543909060763e-18,-3.7635557301911e-18,3.9519886060522e-18,1.7842776982056e-17,-8.1626252776407e-18,2.391417519473e-18,-1.3467655323616e-17,1.3435835954783e-17,5.0207794458476e-18,15359630.464696,3680811.3771962,0.0008015117631303,0.0019123381424523,0.0013457123026401,-0.0073829499912149,10.389618941144,5.1905269681956,11.738637513476
22334179.607548,0.0025025217569135,8.7658183514612e-12,8.7987343895263e-12,8.7987317123484e-12,8.7987249794926e-12,8.7658130143262e-12,8.7658207919346e-12,8.7658121278474e-12,8.7299130966066e-12,8.7299245271243e-12,8.7299123192133e-12,8.9571490202375e-12,8.7658165572826e-12,8.9571367906964e-12,8.9571384933287e-12,8.7987373105147e-12,8.7987255354386e-12,8.7987261165535e-12,8.7658126026157e-12,8.7299198547507e-12,8.729919564512e-12,8.7299120064217e-12,8.9571436589903e-12,8.9571438917363e-12,8.9571378505588e-12,0.99999999991219,0.99998615719577,0.0025302515113059,-1.911824943565e-17,-2.9076899737581e-17,3.1391574691624e-17,-2.7217903239644e-18,-1.8985330487236e-18,2.0424446853533e-17,-8.0649416216123e-18,-6.3502563938928e-18,4.9490824670492e-17,-8.0951067601945e-18,5.0040849494812e-17,1.8230072042659e-17,-1.0149763070779e-17,-2.1563475300166e-18,4.0196026027927e-17,-3.8425325454574e-18,-6.9943009504934e-18,9.2068058015763e-18,4.6930530746518e-17,-1.8641098941617e-17,4.5443206459823e-18,-3.7065176161245e-17,2.9397999932393e-17,1.1414514458637e-17,15205261.832323,3607321.1148344,0.0010375426843102,0.0023324028515017,0.0016712249882669,-0.0013513531645061,10.39251198375,5.1954065330357,12.460455501236
27541045.949544,0.0030347876112416,8.5492195347354e-12,8.5713092520901e-12,8.571299726918e-12,8.5712827580651e-12,8.5492042161832e-12,8.5492238896628e-12,8.5492017894149e-12,8.5112713552963e-12,8.511300324369e-12,8.5112699637905e-12,8.7211556898652e-12,8.5492127787568e-12,8.721125421104e-12,8.7211297990429e-12,8.5713144926576e-12,8.5712845399261e-12,8.5712858769946e-12,8.5492030666209e-12,8.5112914527295e-12,8.5112870172302e-12,8.5112687000053e-12,8.7211444578918e-12,8.7211424965253e-12,8.7211278577028e-12,0.99999999839619,0.99996714667942,0.0030621792523904,-6.9692131086627e-17,-9.1072760335756e-17,6.8487180108824e-17,-7.6840149007171e-18,2.5033691959755e-18,6.4582576854945e-17,-2.0004143299131e-17,-8.6645226909354e-18,1.1990424050523e-16,-1.7678622682696e-17,1.1914065290175e-16,4.509808414054e-17,-2.4588296110396e-17,4.0361842385143e-18,1.0183007296344e-16,-8.8598429063621e-18,-1.0371864234277e-17,2.4003137582353e-17,1.2556609936922e-16,-4.2565458103483e-17,9.316468333568e-18,-1.0358080454566e-16,6.3110646088763e-17,2.7941530072253e-17,15035250.125114,3527746.4616249,0.0013069548157773,0.0027896783256779,0.0020318986852052,0.013750390000446,10.40522820574,5.2097425238136,13.231573391966
33410652.874703,0.0036172902998075,8.3467783812346e-12,8.3653996568136e-12,8.3653786220646e-12,8.3653453090783e-12,8.3467467706246e-12,8.3467844415669e-12,8.3467410951498e-12,8.3096635599526e-12,8.3097192641713e-12,8.3096609775109e-12,8.504696399437e-12,8.3467623107481e-12,8.5046385629857e-12,8.5046478518443e-12,8.3654079408089e-12,8.3653489028212e-12,8.3653518504013e-12,8.3467443487085e-12,8.3097058298007e-12,8.3096927590434e-12,8.3096583480667e-12,8.5046779098228e-12,8.5046705127203e-12,8.5046434073232e-12,0.9999999997425,0.99991523279347,0.0036443055493739,-1.5125552943461e-16,-1.8225974559159e-16,1.1676381986568e-16,-1.418815204323e-17,1.9377366241385e-17,1.3175255552572e-16,-3.6618124246197e-17,-3.1768845667944e-18,2.1871491194551e-16,-2.7069681855733e-17,2.1595611161275e-16,8.1252929817467e-17,-4.4712489032554e-17,2.2318062370371e-17,1.8901922320137e-16,-1.2007869227168e-17,-8.1782115649185e-18,5.1441740921071e-17,2.3585137174952e-16,-7.5959499357695e-17,1.3156949882475e-17,-2.0331004373181e-16,1.0683793657084e-16,5.5335334276441e-17,14849615.018856,3442438.7417851,0.0016113390272332,0.0032836114496562,0.0024282400376918,-0.00028590181883607,10.391359733633,5.1958002560272,14.044274027044
38020003.183365,0.0040628193506912,8.193538012264e-12,8.2027436598635e-12,8.2026957071457e-12,8.2026348065286e-12,8.1934749991616e-12,8.1935449229815e-12,8.1934599229347e-12,8.1599324357057e-12,8.160038852927e-12,8.1599262440199e-12,8.3315396860712e-12,8.1935013290883e-12,8.3314293817276e-12,8.3314501519043e-12,8.2027538250598e-12,8.2026407387063e-12,8.2026471117164e-12,8.1934703544489e-12,8.1600185116095e-12,8.159986816442e-12,8.159922558544e-12,8.3315090244059e-12,8.3314896288555e-12,8.3314415889736e-12,0.99999998126646,0.99923082382769,0.0040896045129815,-2.7729051055566e-16,-3.2428099227086e-16,1.7987290655835e-16,-3.0186854559117e-17,5.7318088211592e-17,2.3474088949946e-16,-5.9686742275576e-17,1.093831510302e-17,3.7447951694819e-16,-4.4241447278692e-17,3.6266050587157e-16,1.3677037847791e-16,-7.7134746750074e-17,6.8242843772179e-17,3.1345302111677e-16,-1.0305098027594e-17,3.6832802605868e-18,1.0373508270382e-16,4.1869997167552e-16,-1.2555989550585e-16,2.0195881949065e-17,-3.6683809232225e-16,1.717607937449e-16,1.1097040331741e-16,14708043.605475,3378445.9830316,0.0018501834914787,0.0036573284516303,0.0027324279456559,-0.0026297569500542,10.388614159845,5.1934077886184,14.644827401162
41111170.458299,0.0043560261480741,8.0553168452143e-12,8.061639165913e-12,8.0615740665405e-12,8.0614890166468e-12,8.0552307702491e-12,8.0553236905582e-12,8.0552069344851e-12,8.0168518007832e-12,8.0169946340905e-12,8.0168412754326e-12,8.1922677841555e-12,8.055264793761e-12,8.1921174342218e-12,8.1921498810757e-12,8.0616524539566e-12,8.0614955946748e-12,8.0615087176375e-12,8.055222251067e-12,8.016969771809e-12,8.0169240832708e-12,8.0168376957295e-12,8.1922288900203e-12,8.1922004041646e-12,8.1921346896747e-12,0.99999998779911,0.999819861515,0.0043826978728689,-3.5724358019738e-16,-4.0812330503917e-16,2.3153294398294e-16,-3.1353443550048e-17,8.8095819342893e-17,3.0782747542525e-16,-6.8774349121714e-17,2.7727712353026e-17,4.7459021385197e-16,-3.5775562408038e-17,4.6063450221607e-16,1.7376148740765e-16,-9.2765100803919e-17,9.6784082333689e-17,4.0752646022238e-16,-2.3994095741872e-18,1.5368145372647e-17,1.3382446254415e-16,5.2435864570931e-16,-1.5750797292625e-16,2.7052819061175e-17,-4.6939887850809e-16,2.1122182994724e-16,1.3787378722697e-16,14615079.476136,3336927.3153516,0.0020101418664662,0.0039014167249453,0.0029330294281913,0.0042139799947479,10.394872454013,5.2000215567722,15.007944987881
45793476.214846,0.0047920927194542,7.9268415190192e-12,7.9337336659832e-12,7.933642084862e-12,7.9335256538881e-12,7.9267253248331e-12,7.9268488553814e-12,7.9266842858536e-12,7.8872302658807e-12,7.8874261795146e-12,7.8872106767317e-12,8.0575671890434e-12,7.9267673129996e-12,8.0573572635004e-12,8.0574093881691e-12,7.9337507863419e-12,7.9335305600108e-12,7.9335550177668e-12,7.9267129130146e-12,7.8873937849477e-12,7.8873281146265e-12,7.8872099507225e-12,8.057515249619e-12,8.0574740447569e-12,8.0573862258812e-12,0.99999999918779,0.99979572270758,0.004818570421298,-4.6145017343262e-16,-5.1660945833601e-16,2.9012524527871e-16,-4.6178513943223e-17,1.3084322489199e-16,4.0325095070015e-16,-8.3924345466769e-17,4.6734915141674e-17,6.0823318541428e-16,-3.1762062753646e-17,5.8730053889006e-16,2.1941608357978e-16,-1.1663735896043e-16,1.4163111636564e-16,5.2543630853688e-16,1.2055015069977e-17,3.0946693105904e-17,1.8318428741464e-16,6.625600296752e-16,-1.9817367752759e-16,3.6646573651484e-17,-6.0282976237513e-16,2.6117815832022e-16,1.8644226454851e-16,14477183.298148,3276064.5574146,0.0022512724376906,0.0042620333678845,0.0032318618162665,-0.0020214200870884,10.392121147602,5.1952818929073,15.545888700098
51361006.7767,0.0052989121003509,7.7540113670449e-12,7.7572807087731e-12,7.7571463589234e-12,7.7569709617937e-12,7.7538424993355e-12,7.7540221086458e-12,7.7537652193532e-12,7.7140916522972e-12,7.714383759997e-12,7.7140509337767e-12,7.8729769007001e-12,7.7538988214774e-12,7.8726542762804e-12,7.8727471314616e-12,7.7573099969226e-12,7.756968137505e-12,7.7570177751101e-12,7.7538242067984e-12,7.714333527174e-12,7.7142369717385e-12,7.7140611779254e-12,7.8728982682011e-12,7.8728372371198e-12,7.8727097367874e-12,0.99999999893244,0.99970018580792,0.0053251959629876,-6.0196738078036e-16,-6.5700788981201e-16,3.8006709452281e-16,-8.0037236016556e-17,1.7555111351995e-16,5.4167363388654e-16,-1.0329948517394e-16,5.7578931746088e-17,8.0840874061289e-16,-1.7371007483011e-17,7.7435338924232e-16,2.8975040234067e-16,-1.5241369686766e-16,1.9403475653589e-16,6.9937053301067e-16,4.2005555566246e-17,3.9700444029484e-17,2.4389048187069e-16,8.5566557546811e-16,-2.6262147768681e-16,7.1982492060253e-17,-7.9797228956327e-16,3.3665191022334e-16,2.525023323457e-16,14317517.108885,3206634.3331925,0.0025362196453822,0.0046777812999559,0.003579864407379,-0.0034437919429443,10.392857964996,5.1948246558625,16.14253244628
57605432.8075,0.0058533005930393,7.5719907825139e-12,7.5720801916847e-12,7.5718940443772e-12,7.571639540327e-12,7.5717561148323e-12,7.5720129701829e-12,7.5716217551608e-12,7.5333436942258e-12,7.5337692943894e-12,7.5332669523669e-12,7.6812367376062e-12,7.5718301531481e-12,7.6807482736584e-12,7.680901420741e-12,7.5721352104483e-12,7.5716167222569e-12,7.5717084913927e-12,7.5717355775456e-12,7.5336862816173e-12,7.5335539038328e-12,7.5333032955667e-12,7.6811121775491e-12,7.6810282407852e-12,7.680847708615e-12,0.99999999863545,0.9995729111754,0.0058793841545494,-7.5187042217834e-16,-7.9169806394231e-16,5.3502901493662e-16,-1.4160977319229e-16,1.8436926948631e-16,6.9126064913548e-16,-1.3111607934268e-16,3.1625779353156e-17,1.0239521468435e-15,1.064119194434e-18,9.8118039698913e-16,3.7045769470948e-16,-2.0279021971443e-16,2.2022765000926e-16,9.1623761552277e-16,7.5412351748329e-17,1.8132991408378e-17,2.7727570892384e-16,1.0559295097832e-15,-3.3747440251215e-16,1.5085925603421e-16,-1.0156998275468e-15,4.2900657898995e-16,3.0498490444607e-16,14143671.185828,3132280.622041,0.0028533266266252,0.0051286067328917,0.0039612291369419,-0.00081286834037532,10.390279258317,5.1953930138025,16.755290407786
64609050.663018,0.0064581213592488,7.3779014207834e-12,7.3753393886399e-12,7.3751074443534e-12,7.3747392286649e-12,7.3775919524195e-12,7.3779514042796e-12,7.3773733661492e-12,7.3398082865654e-12,7.3404127150322e-12,7.3396722956245e-12,7.4754568139308e-12,7.3776857304982e-12,7.4747411971922e-12,7.4749835233976e-12,7.3754620077532e-12,7.3746766700289e-12,7.3748348106182e-12,7.3775781667125e-12,7.3402664024365e-12,7.3401024083572e-12,7.3397612736538e-12,7.4752589875222e-12,7.4751586803506e-12,7.47491352326e-12,0.99999999833773,0.99941735191605,0.0064840057615729,-8.8181774276056e-16,-9.1268730677561e-16,6.0947496100835e-16,-2.4440355846298e-16,1.4171241347269e-16,8.6447320258396e-16,-1.4225144663713e-16,-4.3111342780614e-17,1.2631884447912e-15,3.8395167798401e-17,1.1940459456526e-15,4.7695831872382e-16,-2.3695388651195e-16,2.0707584880705e-16,1.0944276748292e-15,1.2379885416946e-16,-3.9737296074341e-17,2.5891645550198e-16,1.2471528446819e-15,-4.2790390216325e-16,2.9372815763677e-16,-1.222431740078e-15,5.1399586355871e-16,3.2248788531597e-16,13955034.645419,3053060.2173799,0.0032048724136289,0.0056161548568208,0.004377954830462,-0.00082899951434032,10.38981008894,5.1953063896335,17.380058786267
