time,Ep_eff,Phi,eeq,gstain_1,gstain_10,gstain_11,gstain_12,gstain_13,gstain_14,gstain_15,gstain_16,gstain_17,gstain_18,gstain_19,gstain_2,gstain_20,gstain_21,gstain_22,gstain_23,gstain_24,gstain_3,gstain_4,gstain_5,gstain_6,gstain_7,gstain_8,gstain_9,phi_1,phi_2,rho_i,rho_m,strain_xx,strain_yy,strain_zz,stress_xx,stress_yy,stress_zz,vonmises
0,0,0,0,0,0,0,0,0,0,0,0,0,0,0,0,0,0,0,0,0,0,0,0,0,0,0,0,0,0,0,0,0,0,0,0,0,0,0
8.9468151657425e-06,0,0.66944118077961,0.00016601449908403,1e-18,1e-18,1e-18,1e-18,1e-18,1e-18,1e-18,1e-18,1e-18,1e-18,1e-18,1e-18,1e-18,1e-18,1e-18,1e-18,1e-18,1e-18,1e-18,1e-18,1e-18,1e-18,1e-18,1e-18,23.898531208413,-17.932985063623,400,400,0.00017892029604633,-6.8258929043491e-05,-6.8258929043491e-05,20.46775993231,7.5880192359821e-08,7.5880192359821e-08,20.46775985643
1.5892492791236e-05,1.4958984554749e-06,0.89034201658251,0.00029503984314451,1e-18,1e-18,-0.055377565293869,0.055377565293859,0.12001595635799,1e-18,1e-18,0.12001595635798,1e-18,1e-18,1e-18,-0.055377565293855,1e-18,0.12001595635801,1e-18,1e-18,0.12001595635801,0.055377565293854,1e-18,0.055377565293845,-0.055377565293845,1e-18,-0.055377565293859,0.055377565293867,-19.671222871417,11.749579749131,399.9916134019,400.15887774755,0.00031779935214637,-0.00012148927894202,-0.000121489278942,36.218060178526,1.656028237911e-06,1.6560281667682e-06,36.218058522498
2.05075277987e-05,8.8016225580651e-06,1.0029952963915,0.00038120156937247,1e-18,1e-18,-0.1892475943967,0.18924759439668,0.36348013485703,1e-18,1e-18,0.36348013485697,1e-18,1e-18,1e-18,-0.18924759439668,1e-18,0.36348013485705,1e-18,1e-18,0.36348013485704,0.18924759439669,1e-18,0.18924759439665,-0.18924759439666,1e-18,-0.18924759439667,0.18924759439672,-9.344370324391,-3.5871618649275,399.95008624169,400.9461636102,0.00041006646709885,-0.0001576311140895,-0.00015763111408948,45.974213823422,8.2594550565886e-07,8.2594618689585e-07,45.974212997476
2.3008326248549e-05,1.7003931149622e-05,1.0540217650736,0.00042817244583037,1e-18,1e-18,-0.29808630177662,0.29808630279253,0.56206585937704,1e-18,1e-18,0.56206586123122,1e-18,1e-18,1e-18,-0.29808630177736,1e-18,0.56206586030422,1e-18,1e-18,0.56206586030422,0.29808630177735,1e-18,0.29808630279169,-0.29808630279169,1e-18,-0.29808630279254,0.29808630177661,85.998247607455,10.581166738649,399.90339759804,401.83246861899,0.00046006068069433,-0.00017772060893193,-0.00017772060893191,50.776823375121,1.2518299656963e-06,1.2518297504154e-06,50.776822123291
2.4859458925057e-05,2.5722097113288e-05,1.0872153796443,0.00046311765385937,1e-18,1e-18,-0.39292327993056,0.39292447462918,0.73570718536545,-0.018326479206834,-0.018326479206831,0.73570937266312,-0.018326609168402,-0.018326609168394,-0.018326739453449,-0.39292328091854,-0.018326348922098,0.73570827901578,-0.018326348922103,-0.018326739453443,0.73570827901577,0.39292328091853,1e-18,0.39292447363888,-0.39292447363886,1e-18,-0.39292447462921,0.39292327993055,91.395262938868,-3.0649633182181,399.85336353733,402.78357821771,0.00049706562078214,-0.00019290626175361,-0.0001929062617536,54.029830485382,2.7939200494699e-05,2.7939199957368e-05,54.02980254622
2.6491558377884e-05,3.5527651378059e-05,1.1132740345196,0.00049406822465533,1e-18,1e-18,-0.48393843465354,0.48393844008525,0.90286401803233,-0.027936002480943,-0.027936002480953,0.90286402800595,-0.02793600304252,-0.02793600304252,-0.02793600360558,-0.48393843465764,-0.027936001917978,0.90286402301994,-0.027936001917971,-0.027936003605584,0.90286402301991,0.48393843465767,1e-18,0.48393844008029,-0.48393844008029,1e-18,-0.48393844008525,0.48393843465357,-0.35428668587042,28.792063538342,399.79685381642,403.85937197536,0.00052969085645036,-0.00020654361725689,-0.00020654361725687,56.654360980564,-3.5224023313406e-07,-3.5223980402986e-07,56.654361332804
2.7935122034787e-05,4.5961412578552e-05,1.1338771034523,0.00052156114109546,1e-18,1e-18,-0.56798831361881,0.56798833762329,1.057646470205,-0.036571605992681,-0.036571605992693,1.0576465143851,-0.036571608439993,-0.036571608439985,-0.036571610894062,-0.56798831364005,-0.03657160353872,1.057646492296,-0.036571603538714,-0.036571610894062,1.0576464922959,0.56798831364009,1e-18,0.56798833760106,-0.56798833760104,1e-18,-0.56798833762331,0.56798831361885,83.368231544912,7.6396076301754,399.73661667469,405.00798099363,0.00055854642446213,-0.00021881281002463,-0.00021881281002462,58.773700937171,3.0331816902272e-07,3.0331834877975e-07,58.773700633853
2.9226089961039e-05,5.67336328362e-05,1.1504184003065,0.000546244707662,1e-18,1e-18,-0.64421939431338,0.64421942460838,1.1983541051174,-0.044331749375716,-0.044331749375721,1.1983541609903,-0.044331752445367,-0.044331752445364,-0.044331755523808,-0.64421939434053,-0.044331746297504,1.1983541330559,-0.044331746297502,-0.044331755523807,1.1983541330559,0.64421939434054,1e-18,0.64421942457902,-0.64421942457901,1e-18,-0.64421942460839,0.6442193943134,79.977289955107,7.6205822270668,399.67436431513,406.19702330315,0.00058435103276137,-0.00022995442263085,-0.00022995442263084,60.503504349055,4.6215988897052e-07,4.6215995230308e-07,60.503503886895
3.0591785370223e-05,6.9612536284378e-05,1.1660660464908,0.00057245736810079,1e-18,1e-18,-0.72428262832077,0.72428266609267,1.3464456203992,-0.052441604277773,-0.052441604277773,1.3464456902031,-0.052441608089073,-0.052441608089067,-0.052441611911704,-0.72428262835447,-0.052441600455647,1.3464456553058,-0.052441600455649,-0.0524416119117,1.3464456553058,0.72428262835447,1e-18,0.72428266605399,-0.72428266605397,1e-18,-0.72428266609269,0.72428262832077,79.146375607456,8.2677826558692,399.59989401245,407.62209994743,0.00061164861211433,-0.00024191503410505,-0.00024191503410507,62.163045419723,6.7189605562663e-07,6.7189584090102e-07,62.163044747827
3.2042574510374e-05,8.4936042412134e-05,1.1807161649257,0.00060041510167197,1e-18,1e-18,-0.80691537488967,0.80691542147775,1.4996028115285,-0.060781378003649,-0.06078137800365,1.499602897794,-0.060781382688977,-0.060781382688974,-0.06078138738845,-0.8069153749338,-0.060781373304512,1.4996028546643,-0.060781373304512,-0.060781387388448,1.4996028546643,0.8069153749338,1e-18,0.80691542143029,-0.80691542143028,1e-18,-0.80691542147776,0.80691537488968,76.72805704612,8.2536749756248,399.51125909876,409.32201726206,0.00064064623244494,-0.00025481339782762,-0.00025481339782762,63.737233958314,9.376135956573e-07,9.3761352391432e-07,63.737233020701
3.3170951579616e-05,9.7989795934785e-05,1.190790955957,0.00062223812542668,1e-18,1e-18,-0.86840313050472,0.86840503154931,1.613763099545,-0.06697055445551,-0.06697055445551,1.6137666245189,-0.066970745234935,-0.066970745234939,-0.066970936584378,-0.86840313239003,-0.066970363107219,1.6137648620355,-0.066970363107217,-0.066970936584381,1.6137648620355,0.86840313239003,1e-18,0.86840502965938,-0.86840502965939,1e-18,-0.8684050315493,0.86840313050472,91.394686336226,-1.6974345928133,399.43574529552,410.77354955154,0.00066319906633235,-0.00026497922371615,-0.00026497922371612,64.831436799848,2.5630510486621e-05,2.5630510595001e-05,64.831411169363
3.4348100345618e-05,0.0001126112864063,1.2001586691637,0.00064507332819326,1e-18,1e-18,-0.92920230413516,0.92920235653212,1.7268002097478,-0.073077828482145,-0.073077828482151,1.7268003070316,-0.073077833729688,-0.073077833729689,-0.07307783899331,-0.92920230418858,-0.073077823218416,1.7268002583887,-0.073077823218412,-0.073077838993313,1.7268002583886,0.9292023041886,1e-18,0.92920235647981,-0.92920235647981,1e-18,-0.92920235653212,0.92920230413518,60.19268151729,15.759255145417,399.35116610847,412.40288922571,0.00068672615638502,-0.00027570106362196,-0.00027570106362193,65.857044289019,-1.5466944241115e-07,-1.5466926311595e-07,65.857044443688
3.5389268011245e-05,0.0001263535945106,1.2075408912424,0.00066532702701052,1e-18,1e-18,-0.97970887085434,0.97970894808855,1.8208141358374,-0.078142122096507,-0.078142122096502,1.8208142793825,-0.078142129818918,-0.078142129818914,-0.078142137565463,-0.97970887093386,-0.078142114349947,1.8208142076098,-0.078142114349952,-0.078142137565459,1.8208142076098,0.97970887093384,1e-18,0.97970894800917,-0.97970894800915,1e-18,-0.97970894808856,0.97970887085433,69.81649652208,9.1692150717802,399.27168351327,413.93748390805,0.00070753499815964,-0.0002852789564054,-0.00028527895640534,66.671003720317,1.4429635591649e-07,1.4429612244742e-07,66.671003576021
3.6483203046644e-05,0.00014155615151519,1.2144586682577,0.00068666082743906,1e-18,1e-18,-1.0292090849867,1.0292091693788,1.9130505018622,-0.08309771767448,-0.083097717674476,1.913050658865,-0.08309772609945,-0.083097726099438,-0.083097734550994,-1.0292090850754,-0.083097709222761,1.9130505803621,-0.083097709222768,-0.083097734550985,1.913050580362,1.0292090850754,1e-18,1.0292091692918,-1.0292091692918,1e-18,-1.0292091693788,1.0292090849867,66.526926995834,9.1982967701499,399.18377335564,415.63865880685,0.00072939798539924,-0.00029543150667947,-0.0002954315066794,67.438311909183,2.005457364811e-07,2.0054533314527e-07,67.438311708638
3.7636238446894e-05,0.00015836569952954,1.2208990676438,0.00070920282058143,1e-18,1e-18,-1.0772586997069,1.0772587913705,2.0026716037459,-0.087900830074629,-0.087900830074639,2.0026717744342,-0.087900839211873,-0.087900839211867,-0.087900848378121,-1.0772586998059,-0.087900820907896,2.0026716890855,-0.087900820907891,-0.08790084837812,2.0026716890855,1.0772586998059,1e-18,1.0772587912765,-1.0772587912765,1e-18,-1.0772587913706,1.077258699707,66.138008311246,9.9301174776218,399.08659824483,417.52385284911,0.00075244161359634,-0.00030622429272964,-0.00030622429272956,68.15663514672,2.7610427306663e-07,2.761044073377e-07,68.156634870615
3.8856017126696e-05,0.00017695136120568,1.2268527818754,0.00073310704387671,1e-18,1e-18,-1.1234228807969,1.1234229800729,2.0888550078091,-0.092508804710609,-0.0925088047106,2.0888551928317,-0.092508814592618,-0.092508814592602,-0.09250882450637,-1.123422880905,-0.092508794796353,2.0888551003158,-0.092508794796364,-0.092508824506355,2.0888551003157,1.1234228809049,1e-18,1.1234229799699,-1.1234229799698,1e-18,-1.1234229800729,1.1234228807969,65.281763090585,10.637304039843,398.9791944423,419.61326821364,0.00077681854073208,-0.00031773553058271,-0.00031773553058263,68.824077688609,3.5865685379072e-07,3.5865625248699e-07,68.824077329952
3.9972856941025e-05,0.00019462640885938,1.2316073767117,0.00075504142204373,1e-18,1e-18,-1.16153361493,1.1615337182951,2.1600603087521,-0.09630801497774,-0.096308014977751,2.1600605015288,-0.096308025254796,-0.096308025254785,-0.096308035565029,-1.1615336150447,-0.096308004666729,2.1600604051331,-0.096308004666725,-0.096308035565026,2.1600604051331,1.1615336150448,1e-18,1.1615337181882,-1.1615337181882,1e-18,-1.1615337182951,1.16153361493,64.0754631478,10.628791542679,398.87709478187,421.60514960387,0.00079913774304343,-0.00032835201923542,-0.00032835201923537,69.359437938261,4.6420907455986e-07,4.6420909196596e-07,69.359437474052
4.0980673385734e-05,0.00021106377308799,1.2353867445756,0.00077487036811088,1e-18,1e-18,-1.1926419180785,1.1926442915355,2.218219660955,-0.099405892296248,-0.099405892296265,2.218224089951,-0.099406128065944,-0.099406128065949,-0.099406364593506,-1.1926419206192,-0.099405655768663,2.2182218754445,-0.09940565576865,-0.099406364593515,2.2182218754445,1.1926419206193,1e-18,1.1926442890029,-1.1926442890029,1e-18,-1.1926442915355,1.1926419180786,91.388616873194,0.43117954362776,398.78218367232,423.46173888565,0.00081927776787682,-0.00033798933082501,-0.00033798933082496,69.786572053704,2.5508280897567e-05,2.5508281417127e-05,69.786546545445
4.2032050550853e-05,0.00022865590456561,1.2388656090091,0.00079558894677692,1e-18,1e-18,-1.2219226501722,1.2219227533433,2.2729922679344,-0.10231908959631,-0.10231908959631,2.2729924605559,-0.10231909983528,-0.10231909983528,-0.10231911010746,-1.2219226502905,-0.1023190793228,2.2729923642327,-0.1023190793228,-0.10231911010746,2.2729923642326,1.2219226502905,1e-18,1.2219227532384,-1.2219227532384,1e-18,-1.2219227533433,1.2219226501722,54.746978019128,15.654275009713,398.68064840361,425.45318336095,0.00084028787012147,-0.00034809467681883,-0.00034809467681878,70.18078109315,-2.9356660673207e-08,-2.9356642615376e-08,70.180781122506
4.3131086867583e-05,0.00024748127834564,1.2420504127046,0.00081727908773999,1e-18,1e-18,-1.2492828352353,1.2492829827592,2.3241982533611,-0.10503885274627,-0.10503885274625,2.3241985289161,-0.10503886737489,-0.10503886737491,-0.10503888205132,-1.2492828354045,-0.10503883806819,2.3241983911231,-0.1050388380682,-0.10503888205133,2.3241983911232,1.2492828354044,1e-18,1.2492829826065,-1.2492829826066,1e-18,-1.2492829827591,1.2492828352353,64.958088551176,9.1826620705264,398.57204697709,427.58926594885,0.00086224989290918,-0.00035870873673247,-0.00035870873673245,70.542685156695,2.8873283013675e-08,2.8873246974407e-08,70.542685127822
4.410814121242e-05,0.00026455297889403,1.244535657473,0.00083658709339132,1e-18,1e-18,-1.2710082238697,1.2710083602727,2.3648760838733,-0.1071968566507,-0.10719685665067,2.3648763387493,-0.10719687016761,-0.10719687016761,-0.10719688372906,-1.2710082240269,-0.10719684308773,2.3648762112971,-0.10719684308775,-0.10719688372905,2.3648762112972,1.2710082240268,1e-18,1.2710083601306,-1.2710083601306,1e-18,-1.2710083602727,1.2710082238696,62.542577562171,10.660852577307,398.47360986476,429.53085412413,0.00088177394717205,-0.00036818378258814,-0.00036818378258812,70.825744217966,8.1211593718883e-08,8.1211092984408e-08,70.825744136755
4.5137981386754e-05,0.00028285153794388,1.2468426661492,0.00085696140017826,1e-18,1e-18,-1.2914754730309,1.2914756123769,2.4032123940648,-0.10922856171292,-0.10922856171292,2.4032126545288,-0.10922857551296,-0.10922857551297,-0.10922858935878,-1.2914754731913,-0.10922854786574,2.4032125242839,-0.10922854786574,-0.10922858935879,2.403212524284,1.2914754731913,1e-18,1.2914756122303,-1.2914756122303,1e-18,-1.2914756123769,1.2914754730309,61.647664575206,12.078614551917,398.36814967464,431.61668088712,0.00090235238520119,-0.00037820610970515,-0.0003782061097051,71.089012586812,1.112312326213e-07,1.1123154532999e-07,71.08901247558
4.6227433703642e-05,0.00030251195336089,1.2489738729348,0.00087853838090248,1e-18,1e-18,-1.3106405739123,1.3106407161847,2.4391221076849,-0.11112982874944,-0.11112982874945,2.4391223737029,-0.11112984283117,-0.11112984283118,-0.11112985695978,-1.3106405740774,-0.1111298146193,2.4391222406793,-0.11112981461929,-0.11112985695978,2.4391222406793,1.3106405740774,1e-18,1.3106407160351,-1.3106407160352,1e-18,-1.3106407161847,1.3106405739123,60.133223330789,12.792713842508,398.25490057683,433.86315051108,0.00092412154205909,-0.00038884371322149,-0.00038884371322146,71.332655091625,1.3718795874423e-07,1.3718821076773e-07,71.332654954437
4.738476760066e-05,0.00032369747356369,1.2509322193158,0.0009014832070677,1e-18,1e-18,-1.3284725943607,1.3284727393512,2.4725447724448,-0.11289780837866,-0.11289780837865,2.4725450436238,-0.11289782272169,-0.11289782272171,-0.11289783711272,-1.3284725945298,-0.11289779398603,2.4725449080192,-0.11289779398603,-0.11289783711273,2.4725449080193,1.3284725945297,1e-18,1.3284727391982,-1.3284727391982,1e-18,-1.3284727393511,1.3284725943607,58.060490465329,12.800403545075,398.13293686021,436.29013289948,0.00094724657215074,-0.00040017892923572,-0.00040017892923571,71.556905263334,1.7146997592196e-07,1.7147008322746e-07,71.556905091864
4.8620033727724e-05,0.00034660667892048,1.252720828072,0.00092599663121871,1e-18,1e-18,-1.3449460920745,1.3449462394426,2.5034303796776,-0.11453018431565,-0.11453018431564,2.5034306553769,-0.11453019888667,-0.11453019888668,-0.11453021350672,-1.3449460922465,-0.11453016969406,2.5034305175127,-0.11453016969406,-0.11453021350673,2.5034305175128,1.3449460922464,1e-18,1.3449462392861,-1.3449462392861,1e-18,-1.3449462394426,1.3449460920744,57.20384404544,14.212467675396,398.00113308017,438.92185123161,0.00097192819914612,-0.00041231184736089,-0.00041231184736087,71.762027892498,2.0680495835013e-07,2.0680494105534e-07,71.762027685693
4.9559077266875e-05,0.00036420211636219,1.2538987313663,0.00094464619123538,1e-18,1e-18,-1.3558952587971,1.3558954022572,2.5239635459315,-0.11561464973159,-0.11561464973157,2.523963814369,-0.11561466391156,-0.11561466391156,-0.11561467813914,-1.3558952589666,-0.11561463550208,2.5239636801321,-0.1156146355021,-0.11561467813914,2.5239636801322,1.3558952589665,1e-18,1.3558954021071,-1.355895402107,1e-18,-1.3558954022572,1.3558952587971,46.123355006444,15.649563864012,397.89996060385,440.94830257002,0.00099069064912293,-0.00042155621015074,-0.00042155621015072,71.897294709303,2.072416707297e-08,2.0723773315484e-08,71.897294688579
5.0540687850362e-05,0.00038274079581429,1.2549824903015,0.00096415294549211,1e-18,1e-18,-1.3660381842763,1.3660383657703,2.5429883225701,-0.11661889123304,-0.11661889123303,2.5429886622277,-0.11661890916705,-0.11661890916706,-0.11661892716135,-1.3660381844904,-0.1166188732365,2.5429884923777,-0.1166188732365,-0.11661892716135,2.5429884923777,1.3660381844904,1e-18,1.3660383655786,-1.3660383655787,1e-18,-1.3660383657702,1.3660381842763,58.538619073962,12.819428385561,397.79342058628,443.08819776568,0.001010303228647,-0.00043123628406024,-0.00043123628406021,72.021844821063,-9.7662661730318e-09,-9.7662309733059e-09,72.021844830829
5.1569219134051e-05,0.00040230642748841,1.255976058705,0.00098460380493383,1e-18,1e-18,-1.3753943327553,1.3753945020946,2.5605404645233,-0.11754490543222,-0.11754490543223,2.5605407814806,-0.11754492216035,-0.11754492216037,-0.11754493894495,-1.3753943329567,-0.11754488864536,2.5605406229805,-0.11754488864535,-0.11754493894497,2.5605406229805,1.3753943329567,1e-18,1.3753945019161,-1.3753945019161,1e-18,-1.3753945020945,1.3753943327553,53.128365117004,15.641241937026,397.68104145076,445.35198073947,0.0010308528711004,-0.0004413953007633,-0.00044139530076325,72.136125113492,2.6630118879968e-08,2.6630646889203e-08,72.136125086861
5.264987736363e-05,0.00042299988483642,1.2568828392752,0.0010061026348905,1e-18,1e-18,-1.3839821715135,1.3839823431375,2.5766539461629,-0.11839458206448,-0.11839458206447,2.5766542674403,-0.11839459901391,-0.1183945990139,-0.11839461602079,-1.3839821717175,-0.11839456505538,2.5766541067807,-0.1183945650554,-0.11839461602078,2.5766541067807,1.3839821717175,1e-18,1.3839823429558,-1.3839823429557,1e-18,-1.3839823431375,1.3839821715134,50.545385259166,15.646111989924,397.56225476708,447.7522246234,0.0010524435340986,-0.00045208486654732,-0.00045208486654728,72.240502466895,3.4394864513548e-08,3.4394372120523e-08,72.2405024325
5.3788918672261e-05,0.00044494298153256,1.2577062499754,0.0010287742775942,1e-18,1e-18,-1.3918224918421,1.3918226652219,2.5913671851455,-0.11917003312276,-0.11917003312275,2.5913675097495,-0.11917005024151,-0.1191700502415,-0.11917006741839,-1.3918224920494,-0.11917001594349,2.5913673474249,-0.1191700159435,-0.11917006741838,2.5913673474249,1.3918224920494,1e-18,1.3918226650386,-1.3918226650386,1e-18,-1.3918226652219,1.3918224918421,47.784811090363,15.652348870781,397.43637406468,450.30411097841,0.0010752001384162,-0.00046336706384909,-0.00046336706384904,72.335349025809,4.8504611415799e-08,4.8504118031543e-08,72.335348977305
5.4993893214568e-05,0.00046828302052478,1.2584500572041,0.0010527694101632,1e-18,1e-18,-1.3989367499285,1.3989369250151,2.604719926367,-0.11987342880136,-0.11987342880136,2.604720254203,-0.11987344608487,-0.11987344608488,-0.11987346342734,-1.3989367501377,-0.11987341145662,2.6047200902634,-0.11987341145662,-0.11987346342734,2.6047200902634,1.3989367501377,1e-18,1.398936924829,-1.398936924829,1e-18,-1.3989369250151,1.3989367499285,47.04686920745,15.659293988363,397.30256938122,453.02601247763,0.0010992734416472,-0.00047531684978195,-0.0004753168497819,72.421080006514,5.3188530339369e-08,5.3188637720352e-08,72.421079953326
5.6097178233716e-05,0.00048975184229531,1.2590323369027,0.0010747484172061,1e-18,1e-18,-1.4045277366561,1.404527909365,2.6152151062792,-0.12042603204529,-0.1204260320453,2.615215429691,-0.1204260490911,-0.12042604909113,-0.12042606619512,-1.4045277368646,-0.1204260149387,2.6152152679605,-0.12042601493868,-0.12042606619515,2.6152152679606,1.4045277368646,1e-18,1.4045279091827,-1.4045279091828,1e-18,-1.4045279093649,1.4045277366562,42.611425390948,15.667208480234,397.17957424504,455.53658273276,0.0011213146562094,-0.00048626941890432,-0.00048626941890424,72.488228776111,6.4713072355405e-08,6.4713852501886e-08,72.488228711398
5.7092763071606e-05,0.00050919473192048,1.2594877848176,0.0010945883018885,1e-18,1e-18,-1.4089152252219,1.4089180679072,2.6234521185859,-0.12085955261766,-0.12085955261765,2.6234574421981,-0.12085983317379,-0.12085983317381,-0.12086011466818,-1.4089152283946,-0.12085927112164,2.6234547803666,-0.12085927112165,-0.12086011466818,2.6234547803667,1.4089152283946,1e-18,1.4089180647602,-1.4089180647602,1e-18,-1.4089180679071,1.4089152252219,91.355558247255,2.8313463069904,397.0682537965,457.81593559453,0.0011412038404117,-0.00049616074086493,-0.00049616074086485,72.540823397567,2.665497392915e-05,2.6654974018605e-05,72.540796742616
5.813137994474e-05,0.0005295394995127,1.2599016276259,0.0011152915906811,1e-18,1e-18,-1.412912182116,1.412912343087,2.6309567775001,-0.12125436736617,-0.12125436736615,2.6309570789737,-0.12125438324932,-0.12125438324933,-0.12125439918679,-1.4129121823129,-0.12125435142579,2.6309569282093,-0.12125435142581,-0.12125439918679,2.6309569282094,1.4129121823128,1e-18,1.4129123429194,-1.4129123429195,1e-18,-1.412912343087,1.4129121821159,26.210554164664,16.622804916662,396.95183889176,460.20679944772,0.0011619522706739,-0.00050648666681162,-0.00050648666681151,72.588541248979,5.4734648205223e-08,5.4734398313363e-08,72.588541194244
5.9217077542722e-05,0.0005508648584898,1.2602756452827,0.001136938969478,1e-18,1e-18,-1.4165313675257,1.416531575221,2.6377529215741,-0.12161175060332,-0.1216117506033,2.6377533105744,-0.12161177109486,-0.12161177109486,-0.12161179165658,-1.4165313677753,-0.12161173003876,2.6377531160473,-0.12161173003877,-0.12161179165657,2.6377531160473,1.4165313677753,1e-18,1.416531575,-1.4165315750001,1e-18,-1.416531575221,1.4165313675256,46.599317823746,15.710743304044,396.82988905031,462.7192435613,0.0011836407715131,-0.00051728717190919,-0.00051728717190908,72.631719699726,-2.5441643776362e-08,-2.5441984149531e-08,72.631719725168
6.0354671169906e-05,0.00057326491108102,1.260612209477,0.0011596266039205,1e-18,1e-18,-1.4197944023945,1.4197945944357,2.6438810215168,-0.12193384940755,-0.12193384940753,2.6438813812156,-0.12193386835249,-0.12193386835251,-0.12193388736271,-1.4197944026262,-0.12193383039467,2.6438812013409,-0.12193383039468,-0.12193388736271,2.643881201341,1.4197944026261,1e-18,1.4197945942309,-1.419794594231,1e-18,-1.4197945944357,1.4197944023945,34.913471623699,16.418400816972,396.70187749434,465.36529199754,0.0012063654717361,-0.00052861014616041,-0.0005286101461603,72.670585546377,9.5924681014003e-09,9.5924225139897e-09,72.670585536785
6.0345442175456e-05,0.00057308298902616,1.2606096766634,0.0011594425252046,1e-18,1e-18,-1.4197699058812,1.4197700936969,2.6438350132155,-0.12193143179678,-0.12193143179676,2.6438353649995,-0.12193145032486,-0.12193145032486,-0.12193146891682,-1.4197699061078,-0.12193141320222,2.6438351890829,-0.12193141320223,-0.12193146891682,2.6438351890829,1.4197699061078,1e-18,1.4197700934965,-1.4197700934965,1e-18,-1.4197700936969,1.4197699058812,33.567360415372,16.422415076516,396.70291679406,465.34377330403,0.0012061811143666,-0.00052851826452467,-0.00052851826452455,72.670293092014,9.0022541971219e-09,9.0019233659407e-09,72.670293083012
6.0861545253535e-05,0.00058326212548154,1.2607456464384,0.0011697371279292,1e-18,1e-18,-1.4210894130999,1.4210895791939,2.6463133282964,-0.12206164420997,-0.12206164420995,2.6463136394008,-0.12206166059427,-0.12206166059429,-0.12206167703565,-1.4210894132989,-0.12206162776669,2.6463134838305,-0.12206162776669,-0.12206167703566,2.6463134838306,1.4210894132988,1e-18,1.4210895790141,-1.4210895790141,1e-18,-1.4210895791938,1.4210894130998,28.5372865666,16.542812686522,396.64477263722,466.54848394168,0.0012164906800141,-0.00053365711296779,-0.00053365711296768,72.68599516533,4.0475977119871e-08,4.0476085436764e-08,72.685995124854
6.2861545253535e-05,0.00062279033731596,1.261190797645,0.0012096394967501,1e-18,1e-18,-1.4254175401341,1.4254176797268,2.6544436190577,-0.12248855860046,-0.12248855860043,2.6544438805401,-0.12248857236826,-0.1224885723683,-0.12248858618512,-1.4254175402983,-0.1224885447828,2.6544437497912,-0.1224885447828,-0.12248858618514,2.6544437497914,1.4254175402982,1e-18,1.4254176795706,-1.4254176795707,1e-18,-1.4254176797267,1.425417540134,18.268619577509,17.080501642827,396.41915391979,471.24082398797,0.0012564412519362,-0.0005535803111641,-0.00055358031116399,72.73742317176,3.0086634302237e-08,3.0086884471155e-08,72.737423141673
6.4861545253535e-05,0.00066242652345452,1.2615281660321,0.0012495538636387,1e-18,1e-18,-1.4287034051731,1.4287035218094,2.6606176464285,-0.12281237834218,-0.12281237834213,2.6606178649196,-0.1228123898442,-0.12281238984422,-0.12281240138824,-1.4287034053078,-0.12281236679815,2.6606177556742,-0.12281236679817,-0.12281240138823,2.6606177556745,1.4287034053077,1e-18,1.4287035216743,-1.4287035216744,1e-18,-1.4287035218094,1.4287034051729,7.5550963412884,19.378978275926,396.19318843635,475.96837118881,0.0012963902278742,-0.00057351531154173,-0.00057351531154162,72.776411288006,2.2273138947516e-08,2.2272618818802e-08,72.776411265733
6.6861545253535e-05,0.00070214499322537,1.2617834458944,0.00128947805535,1e-18,1e-18,-1.431192092255,1.4311921890462,2.665295259758,-0.12305736126056,-0.1230573612605,2.6652954410797,-0.12305737080432,-0.12305737080434,-0.12305738038399,-1.4311920923646,-0.12305735168153,2.6652953504251,-0.12305735168156,-0.12305738038398,2.6652953504254,1.4311920923644,1e-18,1.4311921889298,-1.4311921889298,1e-18,-1.4311921890461,1.4311920922548,-3.9370413035926,22.358483066097,395.96702460863,480.7282172076,0.0013363376079551,-0.00059345911545809,-0.000593459115458,72.805919793162,1.6182507023472e-08,1.6181736642908e-08,72.80591977698
6.8861545253535e-05,0.00074192611251403,1.2619762542899,0.0013294103547551,1e-18,1e-18,-1.4330721499633,1.433072229618,2.6688303004685,-0.12324216272227,-0.12324216272227,2.6688304496909,-0.12324217057539,-0.1232421705754,-0.12324217845896,-1.4330721500522,-0.12324215483971,2.6688303750893,-0.12324215483971,-0.12324217845897,2.6688303750893,1.4330721500522,1e-18,1.4330722295188,-1.4330722295188,1e-18,-1.4330722296179,1.4330721499633,-10.187483661516,22.601394943708,395.74077563874,485.51812841093,0.0013762833923063,-0.00061340943138104,-0.00061340943138094,72.828211037993,1.1632743342701e-08,1.1633011485624e-08,72.82821102636
7.0861545253535e-05,0.00078175489990685,1.2621215480636,0.0013693494018327,1e-18,1e-18,-1.4344881647161,1.4344882295906,2.6714941479663,-0.12338108448859,-0.12338108448858,2.6714942695014,-0.12338109088371,-0.12338109088373,-0.12338109730474,-1.434488164786,-0.12338107806909,2.6714942087483,-0.12338107806909,-0.12338109730475,2.6714942087484,1.434488164786,1e-18,1.4344882295051,-1.4344882295052,1e-18,-1.4344882295905,1.434488164716,-13.982815287761,24.871018424091,395.51452770702,490.33639217841,0.0014162275810559,-0.00063336451092792,-0.00063336451092783,72.845011222487,8.0176873314194e-09,8.0178483502923e-09,72.845011214469
7.2861545253535e-05,0.00082161993800209,1.262230719145,0.0014092941157426,1e-18,1e-18,-1.4355507406137,1.4355507927509,2.673494422153,-0.1234850646949,-0.12348506469487,2.6734945198266,-0.12348506983369,-0.12348506983368,-0.12348507499468,-1.4355507406648,-0.12348505953633,2.673494471013,-0.12348505953635,-0.12348507499467,2.6734944710131,1.4355507406647,1e-18,1.4355507926749,-1.4355507926749,1e-18,-1.4355507927509,1.4355507406136,-16.756911002858,25.439050672737,395.28834632079,495.18169704004,0.0014561701743309,-0.00065332302173969,-0.0006533230217396,72.857635858519,5.3872741238699e-09,5.3867191566447e-09,72.857635853132
7.4861545253535e-05,0.00086151253355612,1.2623124374379,0.0014492436338048,1e-18,1e-18,-1.436344330192,1.4363443713546,2.6749896660238,-0.12356245391617,-0.12356245391613,2.674989743137,-0.12356245797254,-0.12356245797256,-0.12356246204787,-1.4363443302279,-0.12356244984388,2.6749897046093,-0.12356244984389,-0.12356246204787,2.6749897046095,1.4363443302278,1e-18,1.4363443712877,-1.4363443712877,1e-18,-1.4363443713545,1.4363443301919,-19.28649162829,28.042610739376,395.06228120566,500.05303969952,0.0014961111722586,-0.00067328394941705,-0.00067328394941695,72.867086553631,3.3217795339924e-09,3.3214933892253e-09,72.867086550309
7.6861545253535e-05,0.00090142607211824,1.2623732973237,0.0014891972639014,1e-18,1e-18,-1.4369333278955,1.4369333596078,2.6761007751618,-0.12361961864109,-0.12361961864104,2.6761008345699,-0.12361962176545,-0.12361962176549,-0.12361962490599,-1.4369333279181,-0.12361961550416,2.6761008049001,-0.12361961550417,-0.12361962490599,2.6761008049003,1.4369333279179,1e-18,1.4369333595485,-1.4369333595486,1e-18,-1.4369333596077,1.4369333278953,-24.566240809904,29.343145370999,394.83637005917,504.94965320491,0.001536050574967,-0.00069324652218169,-0.00069324652218158,72.874125383984,1.7670491392193e-09,1.7669242074673e-09,72.874125382217
7.8861545253536e-05,0.00094135552360001,1.262418312274,0.0015291544474303,1e-18,1e-18,-1.4373667821306,1.4373668057092,2.6769198386043,-0.12366140769792,-0.12366140769788,2.6769198827735,-0.12366141002017,-0.12366141002019,-0.123661412356,-1.4373667821434,-0.12366140536585,2.6769198607247,-0.12366140536587,-0.123661412356,2.6769198607249,1.4373667821433,1e-18,1.4373668056581,-1.4373668056582,1e-18,-1.4373668057091,1.4373667821305,-26.980310697055,29.441426721383,394.61064142299,509.87095162565,0.0015759883825831,-0.00071321015315826,-0.00071321015315815,72.879331870612,6.3130925389893e-10,6.3100390062913e-10,72.879331869981
8.0861545253536e-05,0.00098129706430569,1.2624512925625,0.0015691147305182,1e-18,1e-18,-1.4376820226223,1.4376820391976,2.6775169459612,-0.12369151117181,-0.12369151117175,2.6775169770093,-0.12369151280344,-0.12369151280348,-0.12369151444642,-1.4376820226267,-0.12369150953268,2.677516961522,-0.1236915095327,-0.12369151444643,2.6775169615223,1.4376820226266,1e-18,1.4376820391537,-1.4376820391538,1e-18,-1.4376820391975,1.4376820226221,-30.284927385505,30.767989144377,394.3851168758,514.81648754073,0.0016159245952344,-0.00073317439625331,-0.00073317439625322,72.883146534806,-2.6906010310436e-10,-2.6927448974614e-10,72.883146535075
8.2861545253536e-05,0.0010212477884824,1.2624751332828,0.0016090777416653,1e-18,1e-18,-1.4379074430969,1.4379074536496,2.6779454102444,-0.12371273566546,-0.1237127356654,2.6779454300086,-0.1237127367032,-0.12371273670323,-0.12371273775049,-1.437907443093,-0.12371273462236,2.6779454201665,-0.12371273462238,-0.12371273775049,2.6779454201667,1.4379074430928,1e-18,1.4379074536107,-1.4379074536108,1e-18,-1.4379074536495,1.4379074430967,-31.364877481775,31.180484034639,394.15981270473,519.78591942815,0.0016558592130485,-0.00075313891249114,-0.00075313891249106,72.885904137005,-9.5408975362766e-10,-9.546367460554e-10,72.88590413796
8.4861545253536e-05,0.0010612054884636,1.2624920337419,0.0016490431743816,1e-18,1e-18,-1.4380646305453,1.43806463592,2.6782457647517,-0.12372721487799,-0.12372721487794,2.6782457748144,-0.12372721540515,-0.12372721540517,-0.12372721594042,-1.438064630533,-0.12372721434745,2.6782457698281,-0.12372721434747,-0.12372721594042,2.6782457698283,1.4380646305328,1e-18,1.4380646358842,-1.4380646358843,1e-18,-1.43806463592,1.4380646305452,-33.412332311781,33.501439461447,393.93474117779,524.77898668271,0.0016957922361526,-0.00077310344435358,-0.00077310344435347,72.8878590103,-1.4424976458588e-09,-1.443098283477e-09,72.887859011743
8.6861545253536e-05,0.0011011684872563,1.2625036644406,0.0016890107736928,1e-18,1e-18,-1.4381699913377,1.4381699922635,2.6784488157509,-0.12373657039724,-0.12373657039719,2.678448817478,-0.12373657048571,-0.12373657048574,-0.12373657058092,-1.4381699913196,-0.12373657030692,2.6784488166609,-0.12373657030694,-0.12373657058092,2.6784488166612,1.4381699913194,1e-18,1.4381699922318,-1.4381699922319,1e-18,-1.4381699922634,1.4381699913375,-33.799625299142,34.413970027665,393.70991151151,529.79549049675,0.0017357236646739,-0.00079306779624075,-0.00079306779624065,72.889204350394,-1.8404500315421e-09,-1.8409245724238e-09,72.889204352234
8.8861545253536e-05,0.0011411355111534,1.2625112940829,0.0017289803256395,1e-18,1e-18,-1.4382359912834,1.4382359883859,2.6785779705671,-0.12374203430221,-0.12374203430219,2.6785779651306,-0.1237420340137,-0.12374203401373,-0.12374203373073,-1.4382359912602,-0.12374203459025,2.678577967897,-0.12374203459025,-0.12374203373075,2.6785779678971,1.4382359912602,1e-18,1.4382359883576,-1.4382359883577,1e-18,-1.4382359883858,1.4382359912833,-34.926502336513,34.864322592636,393.48533060643,534.83527923927,0.0017756534987399,-0.00081303181960492,-0.00081303181960484,72.890086893395,-2.1496222204229e-09,-2.1493448131677e-09,72.890086895545
9.0861545253536e-05,0.0011811055928556,1.2625158861428,0.0017689516490947,1e-18,1e-18,-1.4382721002606,1.438272094081,2.6786510111409,-0.1237445425492,-0.12374454254916,2.6786509995552,-0.12374454193708,-0.1237445419371,-0.12374454132954,-1.4382721002325,-0.12374454316203,2.6786510053984,-0.12374454316205,-0.12374454132954,2.6786510053986,1.4382721002324,1e-18,1.4382720940552,-1.4382720940553,1e-18,-1.438272094081,1.4382721002604,-37.228344833875,37.478711712179,393.2610036057,539.89823728155,0.0018155817384778,-0.00083299540164927,-0.00083299540164919,72.890618077935,-2.3366707850022e-09,-2.3369751812829e-09,72.890618080272
9.2861545253536e-05,0.0012210779978258,1.2625181722541,0.0018089245893679,1e-18,1e-18,-1.4382855111843,1.4382855021875,2.6786814439453,-0.12374480604314,-0.12374480604311,2.678681427081,-0.12374480515322,-0.12374480515328,-0.12374480426709,-1.4382855111519,-0.12374480693482,2.6786814355657,-0.12374480693482,-0.12374480426712,2.678681435566,1.4382855111518,1e-18,1.4382855021636,-1.4382855021637,1e-18,-1.4382855021873,1.4382855111842,-38.297172512519,37.701976545792,393.03693431924,544.98427646061,0.0018555083840153,-0.00085295845673179,-0.00085295845673173,72.890882529692,-2.5422532842122e-09,-2.5418330681155e-09,72.890882532234
9.4861545253536e-05,0.0012610521683198,1.2625187079722,0.0018488990131945,1e-18,1e-18,-1.4382816868843,1.4382816754771,2.6786795268183,-0.12374336469457,-0.12374336469454,2.6786795054376,-0.12374336356698,-0.12374336356704,-0.12374336244248,-1.4382816868483,-0.1237433658248,2.6786795161823,-0.12374336582481,-0.12374336244251,2.6786795161825,1.4382816868482,1e-18,1.4382816754548,-1.438281675455,1e-18,-1.4382816754769,1.4382816868842,-40.225443506104,38.302283136924,392.81312554568,550.0933295601,0.0018954334354794,-0.00087292091983243,-0.00087292091983239,72.890944509758,-2.6716332824608e-09,-2.6713010927534e-09,72.890944512429
9.6861545253536e-05,0.0013010276808652,1.2625179151404,0.0018888748048028,1e-18,1e-18,-1.4382647759394,1.4382647624712,2.678653049763,-0.12374062852151,-0.12374062852146,2.678653024521,-0.12374062719074,-0.12374062719077,-0.12374062586246,-1.4382647759001,-0.1237406298557,2.6786530371982,-0.12374062985572,-0.12374062586246,2.6786530371985,1.4382647758999,1e-18,1.4382647624503,-1.4382647624505,1e-18,-1.4382647624711,1.4382647759392,-41.184772626228,39.78517602633,392.58957931662,555.22534533341,0.0019353568929975,-0.00089288274159971,-0.00089288274159969,72.890852813441,-2.7345422513801e-09,-2.7348831785425e-09,72.890852816175
9.8861545253536e-05,0.0013410042139565,1.2625161140605,0.0019288518627995,1e-18,1e-18,-1.4382379286286,1.4382379133996,2.6786079282166,-0.12373690887804,-0.12373690887801,2.6786078996752,-0.12373690737365,-0.12373690737369,-0.1237369058711,-1.438237928588,-0.12373691038639,2.678607914001,-0.12373691038639,-0.12373690587112,2.6786079140012,1.438237928588,1e-18,1.4382379133813,-1.4382379133815,1e-18,-1.4382379133994,1.4382379286286,-42.192812492583,41.124919246121,392.36629708209,560.38028470466,0.0019752787566965,-0.00091284388457025,-0.00091284388457022,72.89064449086,-2.833143628778e-09,-2.8326421820892e-09,72.890644493693
0.00010086154525354,0.0013809815235219,1.262513547934,0.0019688300977149,1e-18,1e-18,-1.4382035371051,1.4382035203717,2.6785486540175,-0.12373244219147,-0.12373244219144,2.6785486226575,-0.12373244053876,-0.12373244053881,-0.12373243888747,-1.4382035370622,-0.12373244384869,2.6785486383937,-0.12373244384869,-0.12373243888749,2.678548638394,1.4382035370621,1e-18,1.4382035203545,-1.4382035203546,1e-18,-1.4382035203716,1.438203537105,-42.583493651901,41.879387260908,392.14327985106,565.55811786946,0.0020151990267037,-0.00093280432031791,-0.0009328043203179,72.890347674133,-2.9362500820573e-09,-2.9359270597413e-09,72.89034767707
0.00010286154525354,0.0014209594242878,1.2625104014179,0.0020088094300382,1e-18,1e-18,-1.4381634177667,1.4381633997555,2.6784786378743,-0.12372740798794,-0.1237274079879,2.6784786041202,-0.12372740620928,-0.12372740620927,-0.1237274044314,-1.4381634177241,-0.12372740977138,2.6784786210502,-0.1237274097714,-0.12372740443138,2.6784786210503,1.438163417724,1e-18,1.4381633997416,-1.4381633997415,1e-18,-1.4381633997555,1.4381634177666,-43.178037083935,42.716949874777,391.92052829819,570.75882208282,0.0020551177031472,-0.00095276402727252,-0.00095276402727253,72.889983723461,-2.9964561893234e-09,-2.997371472386e-09,72.889983726458
0.00010486154525354,0.0014609377756325,1.2625068147149,0.0020487897886509,1e-18,1e-18,-1.4381189498052,1.4381189307135,2.6784004695014,-0.12372194258418,-0.12372194258416,2.6784004337226,-0.12372194069898,-0.12372194069901,-0.12372193881414,-1.4381189497621,-0.12372194447447,2.6784004516638,-0.12372194447448,-0.12372193881415,2.6784004516639,1.438118949762,1e-18,1.4381189307013,-1.4381189307014,1e-18,-1.4381189307134,1.4381189498052,-43.541045398521,43.392883297864,391.6980428447,575.98237997122,0.0020950347861532,-0.00097272298907565,-0.00097272298907565,72.889568856944,-2.9160143506454e-09,-2.9158258296556e-09,72.88956885986
0.00010686154525354,0.001500916470833,1.2625028942789,0.0020887711095582,1e-18,1e-18,-1.4380711804409,1.4380711604336,2.6783161152428,-0.12371614948892,-0.12371614948889,2.6783160777485,-0.12371614751346,-0.12371614751349,-0.12371614553824,-1.4380711803948,-0.12371615146997,2.678316096551,-0.12371615146998,-0.12371614553825,2.6783160965512,1.4380711803947,1e-18,1.4380711604205,-1.4380711604206,1e-18,-1.4380711604335,1.4380711804408,-43.857440122174,43.462185313568,391.47582371975,581.22877824505,0.002134950275849,-0.00099268119331961,-0.00099268119331961,72.889115388237,-2.9285614582373e-09,-2.928659719932e-09,72.889115391165
0.00010886154525354,0.0015408954289093,1.2624987209327,0.0021287533348647,1e-18,1e-18,-1.4380209047999,1.4380208840217,2.6782270680723,-0.12371010729751,-0.12371010729749,2.6782270291336,-0.12371010524605,-0.12371010524609,-0.1237101031946,-1.4380209047526,-0.12371010935486,2.6782270486589,-0.12371010935486,-0.12371010319463,2.6782270486591,1.4380209047525,1e-18,1.4380208840092,-1.4380208840093,1e-18,-1.4380208840216,1.4380209047999,-44.075070841813,43.570041142989,391.25387100695,586.49800671645,0.0021748641723625,-0.0010126386305969,-0.0010126386305969,72.888632666647,-2.9670101553645e-09,-2.9664638841365e-09,72.888632669614
